{
	"credit": "Made with Blockbench",
	"parent": "block/door_top_rh",
	"textures": {
		"1": "block/polished_andesite",
		"2": "block/end_stone_bricks",
		"3": "block/polished_granite",
		"particle": "block/polished_andesite"
	},
	"elements": [
		{
			"name": "Side_r",
			"from": [0.01712, -0.07694, 14.07127],
			"to": [4.01712, 15.92306, 16.07127],
			"rotation": {"angle": 0, "axis": "x", "origin": [2, 8, 8]},
			"faces": {
				"north": {"uv": [9, 0, 13, 16], "rotation": 180, "texture": "#1"},
				"east": {"uv": [14, 0, 16, 16], "rotation": 180, "texture": "#1"},
				"south": {"uv": [12, 0, 16, 16], "rotation": 180, "texture": "#1"},
				"west": {"uv": [0, 16, 2, 0], "rotation": 180, "texture": "#1"},
				"up": {"uv": [0, 0, 2, 4], "rotation": 270, "texture": "#1"},
				"down": {"uv": [0, 0, 2, 4], "rotation": 90, "texture": "#1"}
			}
		},
		{
			"name": "Side_l",
			"from": [-0.00732, -0.0525, 0.07131],
			"to": [3.99268, 15.9475, 2.07131],
			"rotation": {"angle": 0, "axis": "x", "origin": [2, 8, 8]},
			"faces": {
				"north": {"uv": [9, 0, 13, 16], "rotation": 180, "texture": "#1"},
				"east": {"uv": [0, 0, 2, 16], "rotation": 180, "texture": "#1"},
				"south": {"uv": [0, 0, 4, 16], "rotation": 180, "texture": "#1"},
				"west": {"uv": [14, 0, 16, 16], "rotation": 180, "texture": "#1"},
				"up": {"uv": [0, 0, 2, 4], "rotation": 270, "texture": "#1"},
				"down": {"uv": [0, 0, 2, 4], "rotation": 90, "texture": "#1"}
			}
		},
		{
			"name": "Bottom_r",
			"from": [-0.00034, 13.94052, 5.0713],
			"to": [3.99966, 15.94052, 14.0713],
			"rotation": {"angle": 0, "axis": "x", "origin": [2, 8, 8]},
			"faces": {
				"north": {"uv": [0, 0, 4, 2], "rotation": 180, "texture": "#1"},
				"east": {"uv": [4, 1, 13, 3], "rotation": 180, "texture": "#1"},
				"south": {"uv": [0, 0, 4, 2], "rotation": 180, "texture": "#1"},
				"west": {"uv": [3, 1, 12, 3], "rotation": 180, "texture": "#1"},
				"up": {"uv": [0, 0, 9, 4], "rotation": 270, "texture": "#1"},
				"down": {"uv": [0, 0, 9, 4], "rotation": 90, "texture": "#1"}
			}
		},
		{
			"name": "Bottom_l",
			"from": [-0.00557, 13.94575, 2.07131],
			"to": [3.99443, 15.94575, 4.07131],
			"rotation": {"angle": 0, "axis": "x", "origin": [2, 8, 8]},
			"faces": {
				"north": {"uv": [0, 0, 4, 2], "rotation": 180, "texture": "#1"},
				"east": {"uv": [1, 1, 3, 3], "rotation": 180, "texture": "#1"},
				"south": {"uv": [0, 0, 4, 2], "rotation": 180, "texture": "#1"},
				"west": {"uv": [4, 1, 6, 3], "rotation": 180, "texture": "#1"},
				"up": {"uv": [0, 0, 2, 4], "rotation": 270, "texture": "#1"},
				"down": {"uv": [0, 0, 2, 4], "rotation": 90, "texture": "#1"}
			}
		},
		{
			"name": "Bottom_l",
			"from": [0.99617, 13.94226, 4.07305],
			"to": [2.99617, 14.94226, 5.07305],
			"rotation": {"angle": 0, "axis": "x", "origin": [2, 8, 8]},
			"faces": {
				"north": {"uv": [0, 0, 2, 1], "rotation": 180, "texture": "#1"},
				"east": {"uv": [0, 0, 1, 1], "rotation": 180, "texture": "#1"},
				"south": {"uv": [0, 0, 2, 1], "rotation": 180, "texture": "#1"},
				"west": {"uv": [0, 0, 1, 1], "rotation": 180, "texture": "#1"},
				"up": {"uv": [0, 0, 1, 2], "rotation": 270, "texture": "#1"},
				"down": {"uv": [0, 0, 1, 2], "rotation": 90, "texture": "#1"}
			}
		},
		{
			"name": "Mid_l",
			"from": [0.50315, -0.06035, 2.06867],
			"to": [3.50315, 13.93965, 9.06867],
			"rotation": {"angle": 0, "axis": "x", "origin": [2, 8, 8]},
			"faces": {
				"north": {"uv": [9, 1, 12, 15], "rotation": 180, "texture": "#1"},
				"east": {"uv": [1, 1, 8, 15], "rotation": 180, "texture": "#1"},
				"south": {"uv": [10, 1, 13, 15], "rotation": 180, "texture": "#1"},
				"west": {"uv": [8, 1, 15, 15], "rotation": 180, "texture": "#1"},
				"up": {"uv": [0, 0, 7, 3], "rotation": 270, "texture": "#1"},
				"down": {"uv": [0, 0, 7, 3], "rotation": 90, "texture": "#1"}
			}
		},
		{
			"name": "Mid_r",
			"from": [0.51188, -0.06908, 9.06866],
			"to": [3.51188, 8.93092, 14.06866],
			"rotation": {"angle": 0, "axis": "x", "origin": [2, 8, 8]},
			"faces": {
				"north": {"uv": [0, 0, 3, 9], "rotation": 180, "texture": "#1"},
				"east": {"uv": [10, 1, 15, 10], "rotation": 180, "texture": "#1"},
				"south": {"uv": [0, 0, 3, 9], "rotation": 180, "texture": "#1"},
				"west": {"uv": [15, 1, 10, 10], "rotation": 180, "texture": "#1"},
				"up": {"uv": [0, 0, 5, 3], "rotation": 270, "texture": "#1"},
				"down": {"uv": [0, 0, 5, 3], "rotation": 90, "texture": "#1"}
			}
		},
		{
			"name": "rod1",
			"from": [1.0049, 8.93004, 10.07653],
			"to": [3.0049, 13.93004, 11.07653],
			"rotation": {"angle": 0, "axis": "x", "origin": [2, 8, 8]},
			"faces": {
				"north": {"uv": [0, 0, 2, 5], "rotation": 180, "texture": "#1"},
				"east": {"uv": [0, 0, 1, 5], "rotation": 180, "texture": "#1"},
				"south": {"uv": [0, 0, 2, 5], "rotation": 180, "texture": "#1"},
				"west": {"uv": [0, 0, 1, 5], "rotation": 180, "texture": "#1"},
				"up": {"uv": [0, 0, 1, 2], "rotation": 270, "texture": "#1"},
				"down": {"uv": [0, 0, 1, 2], "rotation": 90, "texture": "#1"}
			}
		},
		{
			"name": "rod2",
			"from": [1.00839, 8.92655, 12.07652],
			"to": [3.00839, 13.92655, 13.07652],
			"rotation": {"angle": 0, "axis": "x", "origin": [2, 8, 8]},
			"faces": {
				"north": {"uv": [0, 0, 2, 5], "rotation": 180, "texture": "#1"},
				"east": {"uv": [0, 0, 1, 5], "rotation": 180, "texture": "#1"},
				"south": {"uv": [0, 0, 2, 5], "rotation": 180, "texture": "#1"},
				"west": {"uv": [0, 0, 1, 5], "rotation": 180, "texture": "#1"},
				"up": {"uv": [0, 0, 1, 2], "rotation": 270, "texture": "#1"},
				"down": {"uv": [0, 0, 1, 2], "rotation": 90, "texture": "#1"}
			}
		},
		{
			"name": "Handle",
			"from": [4.03561, -0.05, 1.08747],
			"to": [5.03561, 0.95, 15.08747],
			"rotation": {"angle": -45, "axis": "x", "origin": [2, 0, 8]},
			"faces": {
				"north": {"uv": [0, 0, 1, 1], "rotation": 180, "texture": "#2"},
				"east": {"uv": [0, 0, 14, 1], "rotation": 180, "texture": "#2"},
				"south": {"uv": [0, 0, 1, 1], "rotation": 180, "texture": "#2"},
				"west": {"uv": [0, 0, 14, 1], "rotation": 180, "texture": "#2"},
				"up": {"uv": [0, 0, 14, 1], "rotation": 270, "texture": "#2"},
				"down": {"uv": [0, 0, 14, 1], "rotation": 90, "texture": "#2"}
			}
		},
		{
			"name": "Handle2",
			"from": [-0.96438, -0.05, 1.07874],
			"to": [0.03562, 0.95, 15.07874],
			"rotation": {"angle": -45, "axis": "x", "origin": [2, 0, 8]},
			"faces": {
				"north": {"uv": [0, 0, 1, 1], "rotation": 180, "texture": "#2"},
				"east": {"uv": [0, 0, 14, 1], "rotation": 180, "texture": "#2"},
				"south": {"uv": [0, 0, 1, 1], "rotation": 180, "texture": "#2"},
				"west": {"uv": [0, 0, 14, 1], "rotation": 180, "texture": "#2"},
				"up": {"uv": [0, 0, 14, 1], "rotation": 270, "texture": "#2"},
				"down": {"uv": [0, 0, 14, 1], "rotation": 90, "texture": "#2"}
			}
		},
		{
			"name": "lockpin1",
			"from": [3.04504, -3.06989, 4.0468],
			"to": [4.04504, 14.93011, 5.0468],
			"rotation": {"angle": 0, "axis": "x", "origin": [2, 8, 8]},
			"faces": {
				"north": {"uv": [0, 0, 2, 16], "rotation": 180, "texture": "#3"},
				"east": {"uv": [1, 16, 2, 0], "rotation": 180, "texture": "#3"},
				"south": {"uv": [0, 0, 2, 16], "rotation": 180, "texture": "#3"},
				"west": {"uv": [0, 0, 1, 16], "rotation": 180, "texture": "#3"},
				"up": {"uv": [0, 0, 1, 2], "rotation": 270, "texture": "#3"},
				"down": {"uv": [0, 0, 1, 2], "rotation": 90, "texture": "#3"}
			}
		},
		{
			"name": "lockpin2",
			"from": [0.04505, -3.0664, 4.04331],
			"to": [1.04505, 14.9336, 5.04331],
			"rotation": {"angle": 0, "axis": "x", "origin": [2, 8, 8]},
			"faces": {
				"north": {"uv": [0, 0, 2, 16], "rotation": 180, "texture": "#3"},
				"east": {"uv": [1, 16, 2, 0], "rotation": 180, "texture": "#3"},
				"south": {"uv": [0, 0, 2, 16], "rotation": 180, "texture": "#3"},
				"west": {"uv": [0, 0, 1, 16], "rotation": 180, "texture": "#3"},
				"up": {"uv": [0, 0, 1, 2], "rotation": 270, "texture": "#3"},
				"down": {"uv": [0, 0, 1, 2], "rotation": 90, "texture": "#3"}
			}
		},
		{
			"name": "lockpinhole",
			"from": [3.45114, 9.93169, 3.52863],
			"to": [4.45114, 11.93169, 5.52863],
			"rotation": {"angle": 0, "axis": "x", "origin": [2, 8, 8]},
			"faces": {
				"north": {"uv": [0, 0, 1, 2], "rotation": 180, "texture": "#1"},
				"east": {"uv": [14, 11, 16, 13], "rotation": 180, "texture": "#1"},
				"south": {"uv": [0, 0, 1, 2], "rotation": 180, "texture": "#1"},
				"west": {"uv": [0, 0, 2, 2], "rotation": 180, "texture": "#1"},
				"up": {"uv": [0, 0, 2, 1], "rotation": 270, "texture": "#1"},
				"down": {"uv": [0, 0, 2, 1], "rotation": 90, "texture": "#1"}
			}
		},
		{
			"name": "lockpinhole2",
			"from": [-0.34885, 9.93832, 3.522],
			"to": [0.65115, 11.93832, 5.522],
			"rotation": {"angle": 0, "axis": "x", "origin": [2, 8, 8]},
			"faces": {
				"north": {"uv": [0, 0, 1, 2], "rotation": 180, "texture": "#1"},
				"east": {"uv": [14, 11, 16, 13], "rotation": 180, "texture": "#1"},
				"south": {"uv": [0, 0, 1, 2], "rotation": 180, "texture": "#1"},
				"west": {"uv": [0, 0, 2, 2], "rotation": 180, "texture": "#1"},
				"up": {"uv": [0, 0, 2, 1], "rotation": 270, "texture": "#1"},
				"down": {"uv": [0, 0, 2, 1], "rotation": 90, "texture": "#1"}
			}
		}
	]
}