{
	"credit": "Made with Blockbench",
	"textures": {
		"1": "block/custom/diner_sofa/red_white",
		"particle": "block/custom/diner_sofa/red_white"
	},
	"elements": [
		{
			"name": "Base",
			"from": [2, 1, 1],
			"to": [15.99, 4, 15],
			"faces": {
				"north": {"uv": [0, 3.5, 7, 5], "texture": "#1"},
				"east": {"uv": [0, 0, 7, 3], "texture": "#1"},
				"south": {"uv": [0, 4.5, 7, 6], "texture": "#1"},
				"west": {"uv": [1, 2, 8, 3.5], "texture": "#1"},
				"up": {"uv": [0, 0, 0, 0], "rotation": 270, "texture": "#1"},
				"down": {"uv": [0, 0, 7, 6.5], "rotation": 90, "texture": "#1"}
			}
		},
		{
			"name": "Base",
			"from": [16, 1, 0],
			"to": [16, 6, 16],
			"faces": {
				"north": {"uv": [0, 3.5, 7, 6.5], "texture": "#1"},
				"east": {"uv": [0, 5, 8, 7.5], "rotation": 180, "texture": "#1"},
				"south": {"uv": [0, 3.5, 7, 6.5], "texture": "#1"},
				"west": {"uv": [0.5, 3, 7.5, 5.5], "texture": "#1"},
				"up": {"uv": [0, 0, 0, 0], "rotation": 270, "texture": "#1"},
				"down": {"uv": [0, 0, 7, 6.5], "rotation": 90, "texture": "#1"}
			}
		},
		{
			"name": "Base",
			"from": [0, 0, 0],
			"to": [16, 1, 16],
			"faces": {
				"north": {"uv": [0, 3.5, 8, 4], "texture": "#1"},
				"east": {"uv": [0, 0, 8, 0.5], "texture": "#1"},
				"south": {"uv": [0, 5.5, 8, 6], "texture": "#1"},
				"west": {"uv": [0, 5.5, 8, 6], "texture": "#1"},
				"up": {"uv": [0, 0, 8, 8], "rotation": 270, "texture": "#1"},
				"down": {"uv": [0, 0, 8, 8], "rotation": 90, "texture": "#1"}
			}
		},
		{
			"name": "Seat",
			"from": [1, 4, 1],
			"to": [15.99, 6, 15],
			"faces": {
				"north": {"uv": [8.5, 8, 16, 9], "texture": "#1"},
				"east": {"uv": [8, 7, 16, 8], "texture": "#1"},
				"south": {"uv": [8.5, 8, 16, 9], "texture": "#1"},
				"west": {"uv": [8, 7, 16, 8], "texture": "#1"},
				"up": {"uv": [0, 6.5, 8, 7.5], "rotation": 270, "texture": "#1"},
				"down": {"uv": [8, 0, 16, 7.5], "rotation": 90, "texture": "#1"}
			}
		},
		{
			"name": "Seat",
			"from": [0, 6, 0],
			"to": [16, 8, 16],
			"faces": {
				"north": {"uv": [15, 0, 16, 8], "rotation": 90, "texture": "#1"},
				"east": {"uv": [8, 2.5, 16, 3.5], "texture": "#1"},
				"south": {"uv": [9.5, 0, 10.5, 8], "rotation": 270, "texture": "#1"},
				"west": {"uv": [8, 0, 16, 1], "texture": "#1"},
				"up": {"uv": [8, 0, 16, 8], "rotation": 270, "texture": "#1"},
				"down": {"uv": [8, 0, 16, 8], "rotation": 90, "texture": "#1"}
			}
		},
		{
			"name": "Cushion",
			"from": [2, 7.5, 1],
			"to": [10, 8.5, 15],
			"faces": {
				"north": {"uv": [15, 2.5, 15.5, 6], "rotation": 270, "texture": "#1"},
				"east": {"uv": [8.5, 0, 15.5, 1], "texture": "#1"},
				"south": {"uv": [15, 2.5, 16, 6], "rotation": 90, "texture": "#1"},
				"west": {"uv": [8.5, 0, 15.5, 1.5], "texture": "#1"},
				"up": {"uv": [8.5, 3, 15.5, 7], "rotation": 270, "texture": "#1"},
				"down": {"uv": [0, 0, 0, 0], "rotation": 90, "texture": "#1"}
			}
		},
		{
			"name": "Back",
			"from": [13, 8, 0],
			"to": [16, 22, 16],
			"faces": {
				"north": {"uv": [8, 0, 9.5, 7], "texture": "#1"},
				"east": {"uv": [8, 0, 16, 7], "texture": "#1"},
				"south": {"uv": [9.5, 0.5, 11, 7.5], "texture": "#1"},
				"west": {"uv": [8, 0, 16, 7], "texture": "#1"},
				"up": {"uv": [8, 0, 16, 1.5], "rotation": 270, "texture": "#1"},
				"down": {"uv": [0, 0, 0, 0], "rotation": 90, "texture": "#1"}
			}
		},
		{
			"name": "BackCushion",
			"from": [12, 9, 1],
			"to": [13, 21, 15],
			"faces": {
				"north": {"uv": [10, 1, 10.5, 7], "texture": "#1"},
				"east": {"uv": [0, 10, 3.5, 13], "texture": "#1"},
				"south": {"uv": [8, 0, 8.5, 6], "texture": "#1"},
				"west": {"uv": [8.5, 2, 15.5, 8], "texture": "#1"},
				"up": {"uv": [8.5, 0, 15.5, 0.5], "rotation": 270, "texture": "#1"},
				"down": {"uv": [0, 10, 3.5, 13], "rotation": 90, "texture": "#1"}
			}
		},
		{
			"name": "BackCushion",
			"from": [11.95014, 7.22878, 0.005],
			"to": [13.95014, 14.22878, 15.995],
			"rotation": {"angle": -22.5, "axis": "z", "origin": [11.5, 10.5, 7.995]},
			"faces": {
				"north": {"uv": [8, 0, 9, 4], "texture": "#1"},
				"east": {"uv": [0, 10, 3.5, 13], "texture": "#1"},
				"south": {"uv": [9.5, 0, 10.5, 4], "texture": "#1"},
				"west": {"uv": [8, 0, 16, 4], "texture": "#1"},
				"up": {"uv": [8.5, 0, 15.5, 0.5], "rotation": 270, "texture": "#1"},
				"down": {"uv": [0, 10, 3.5, 13], "rotation": 90, "texture": "#1"}
			}
		},
		{
			"name": "BackCushion",
			"from": [0.17, 3.79239, 1.005],
			"to": [2.17, 6.04239, 14.995],
			"rotation": {"angle": 22.5, "axis": "z", "origin": [0, 6, 8]},
			"faces": {
				"north": {"uv": [8, 0, 9, 1], "rotation": 90, "texture": "#1"},
				"east": {"uv": [0, 10, 3.5, 13], "texture": "#1"},
				"south": {"uv": [8, 0, 9, 1], "rotation": 270, "texture": "#1"},
				"west": {"uv": [8, 0, 16, 1], "rotation": 180, "texture": "#1"},
				"up": {"uv": [0, 10, 3.5, 13], "rotation": 270, "texture": "#1"},
				"down": {"uv": [8, 0, 16, 6], "rotation": 270, "texture": "#1"}
			}
		},
		{
			"name": "BackCushion",
			"from": [12, 21, 1.005],
			"to": [13, 22.41, 14.995],
			"rotation": {"angle": -45, "axis": "z", "origin": [12, 21, 8]},
			"faces": {
				"north": {"uv": [8, 0, 8.5, 0.5], "texture": "#1"},
				"east": {"uv": [0, 10, 3.5, 13], "texture": "#1"},
				"south": {"uv": [8, 0, 8.5, 0.5], "texture": "#1"},
				"west": {"uv": [8.5, 0, 15.5, 0.5], "texture": "#1"},
				"up": {"uv": [8.5, 0, 15.5, 0.5], "rotation": 270, "texture": "#1"},
				"down": {"uv": [0, 10, 3.5, 13], "rotation": 90, "texture": "#1"}
			}
		}
	],
	"display": {
		"thirdperson_righthand": {
			"rotation": [75, -89, 13],
			"translation": [-5.75, 1.5, -3.75],
			"scale": [0.64, 0.64, 0.64]
		},
		"firstperson_righthand": {
			"rotation": [0, 22, 0],
			"translation": [-0.75, 2.5, 1.5],
			"scale": [0.25, 0.25, 0.25]
		},
		"firstperson_lefthand": {
			"rotation": [0, -168, 0],
			"translation": [-0.75, 2.5, 1.5],
			"scale": [0.25, 0.25, 0.25]
		},
		"ground": {
			"rotation": [0, 0, -16],
			"translation": [0, 3.25, 0],
			"scale": [0.76, 0.76, 0.76]
		},
		"gui": {
			"rotation": [6, 60, 9],
			"translation": [-0.5, -3, 0],
			"scale": [0.52, 0.52, 0.52]
		},
		"head": {
			"rotation": [-180, 90, 0],
			"translation": [0, 8.5, 0]
		},
		"fixed": {
			"rotation": [14, -90, 35],
			"translation": [0, -2, -6.5],
			"scale": [0.92, 0.92, 0.92]
		}
	}
}