{
	"credit": "Made with Blockbench",
	"textures": {
		"1": "block/custom/diner_sofa/red_white",
		"particle": "block/custom/diner_sofa/red_white"
	},
	"elements": [
		{
			"name": "Base",
			"from": [2.01, 1, 2],
			"to": [16, 4, 15.99],
			"faces": {
				"north": {"uv": [1, 2, 8, 3.5], "texture": "#1"},
				"east": {"uv": [0, 3.5, 7, 5], "texture": "#1"},
				"south": {"uv": [0, 0, 7, 1.5], "texture": "#1"},
				"west": {"uv": [0, 4.5, 7, 6], "texture": "#1"},
				"up": {"uv": [0, 0, 0, 0], "texture": "#1"},
				"down": {"uv": [0, 0, 7, 6.5], "texture": "#1"}
			}
		},
		{
			"name": "Base",
			"from": [0, 0, 0],
			"to": [16, 1, 16],
			"faces": {
				"north": {"uv": [0, 5.5, 8, 6], "texture": "#1"},
				"east": {"uv": [0, 3.5, 8, 4], "texture": "#1"},
				"south": {"uv": [0, 0, 8, 0.5], "texture": "#1"},
				"west": {"uv": [0, 5.5, 8, 6], "texture": "#1"},
				"up": {"uv": [0, 0, 8, 8], "texture": "#1"},
				"down": {"uv": [0, 0, 8, 8], "texture": "#1"}
			}
		},
		{
			"name": "Seat",
			"from": [1, 4, 1],
			"to": [16, 6, 15.99],
			"faces": {
				"north": {"uv": [8, 8, 16, 9], "texture": "#1"},
				"east": {"uv": [8.5, 8, 16, 9], "texture": "#1"},
				"south": {"uv": [8, 8, 16, 9], "rotation": 180, "texture": "#1"},
				"west": {"uv": [8.5, 8, 16, 9], "texture": "#1"},
				"up": {"uv": [0, 6.5, 8, 7.5], "texture": "#1"},
				"down": {"uv": [8.5, 8.5, 16, 16], "texture": "#1"}
			}
		},
		{
			"name": "Seat",
			"from": [0, 6, 0],
			"to": [16, 8, 16],
			"faces": {
				"north": {"uv": [8, 8, 16, 9], "texture": "#1"},
				"east": {"uv": [15, 0, 16, 8], "rotation": 90, "texture": "#1"},
				"south": {"uv": [8, 8, 16, 9], "texture": "#1"},
				"west": {"uv": [9.5, 0, 10.5, 8], "rotation": 270, "texture": "#1"},
				"up": {"uv": [8, 8, 16, 16], "texture": "#1"},
				"down": {"uv": [8, 8, 16, 16], "texture": "#1"}
			}
		},
		{
			"name": "Cushion",
			"from": [1, 7.5, 2],
			"to": [15, 8.5, 10],
			"faces": {
				"north": {"uv": [8.5, 8, 15.5, 9], "texture": "#1"},
				"east": {"uv": [13.5, 3, 14.5, 7], "rotation": 270, "texture": "#1"},
				"south": {"uv": [8.5, 8, 15.5, 9], "texture": "#1"},
				"west": {"uv": [14.5, 2, 15.5, 6], "rotation": 90, "texture": "#1"},
				"up": {"uv": [8.5, 8.5, 15.5, 12.5], "texture": "#1"},
				"down": {"uv": [0, 0, 0, 0], "texture": "#1"}
			}
		},
		{
			"name": "Cushion",
			"from": [1, 7.5, 10],
			"to": [9, 8.5, 15],
			"faces": {
				"north": {"uv": [8.5, 0, 15.5, 1.5], "texture": "#1"},
				"east": {"uv": [15, 2.5, 16, 5], "rotation": 270, "texture": "#1"},
				"south": {"uv": [11.5, 8, 15.5, 9], "texture": "#1"},
				"west": {"uv": [13, 3.5, 14, 6], "rotation": 90, "texture": "#1"},
				"up": {"uv": [9, 3, 11.5, 7], "rotation": 270, "texture": "#1"},
				"down": {"uv": [0, 0, 0, 0], "texture": "#1"}
			}
		},
		{
			"name": "Back",
			"from": [13, 8, 13],
			"to": [16, 22, 16],
			"faces": {
				"north": {"uv": [14.5, 0, 16, 7], "texture": "#1"},
				"east": {"uv": [8, 0, 9.5, 7], "texture": "#1"},
				"south": {"uv": [13, 1, 14.5, 8], "texture": "#1"},
				"west": {"uv": [9.5, 0.5, 11, 7.5], "texture": "#1"},
				"up": {"uv": [8, 0, 9.5, 1.5], "texture": "#1"},
				"down": {"uv": [0, 0, 0, 0], "texture": "#1"}
			}
		},
		{
			"name": "BackCushion",
			"from": [13, 9, 12],
			"to": [15, 21, 13],
			"faces": {
				"north": {"uv": [10, 1.5, 11, 7.5], "texture": "#1"},
				"east": {"uv": [10, 1, 10.5, 7], "texture": "#1"},
				"south": {"uv": [0, 10, 3.5, 13], "texture": "#1"},
				"west": {"uv": [8, 0, 8.5, 6], "texture": "#1"},
				"up": {"uv": [8.5, 0, 9.5, 1], "texture": "#1"},
				"down": {"uv": [0, 10, 3.5, 13], "texture": "#1"}
			}
		},
		{
			"name": "BackCushion",
			"from": [12, 9, 13],
			"to": [13, 21, 15],
			"faces": {
				"north": {"uv": [10, 1, 10.5, 7], "texture": "#1"},
				"east": {"uv": [0, 10, 3.5, 13], "texture": "#1"},
				"south": {"uv": [8, 0, 8.5, 6], "texture": "#1"},
				"west": {"uv": [10, 1.5, 11, 7.5], "texture": "#1"},
				"up": {"uv": [8.5, 0, 9.5, 1], "rotation": 270, "texture": "#1"},
				"down": {"uv": [0, 10, 3.5, 13], "rotation": 90, "texture": "#1"}
			}
		},
		{
			"name": "BackCushion",
			"from": [13.005, 6.84609, 11.02626],
			"to": [15.995, 13.84609, 13.02626],
			"rotation": {"angle": 22.5, "axis": "x", "origin": [15, 8, 12]},
			"faces": {
				"north": {"uv": [9, 4, 10.5, 8], "texture": "#1"},
				"east": {"uv": [8, 0, 9, 4], "texture": "#1"},
				"south": {"uv": [0, 10, 3.5, 13], "texture": "#1"},
				"west": {"uv": [9.5, 0, 10.5, 4], "texture": "#1"},
				"up": {"uv": [8.5, 0, 15.5, 0.5], "texture": "#1"},
				"down": {"uv": [0, 10, 3.5, 13], "texture": "#1"}
			}
		},
		{
			"name": "BackCushion",
			"from": [11.05185, 7.49258, 13.01],
			"to": [13.05185, 14.49258, 15.99],
			"rotation": {"angle": -22.5, "axis": "z", "origin": [12, 8, 16]},
			"faces": {
				"north": {"uv": [8, 0, 9, 4], "texture": "#1"},
				"east": {"uv": [0, 10, 3.5, 13], "texture": "#1"},
				"south": {"uv": [9.5, 0, 10.5, 4], "texture": "#1"},
				"west": {"uv": [9, 4, 10.5, 8], "texture": "#1"},
				"up": {"uv": [8.5, 0, 15.5, 0.5], "rotation": 270, "texture": "#1"},
				"down": {"uv": [0, 10, 3.5, 13], "rotation": 90, "texture": "#1"}
			}
		},
		{
			"name": "BackCushion",
			"from": [1.005, 3.79239, 0.17],
			"to": [15.995, 6.04239, 2.17],
			"rotation": {"angle": -22.5, "axis": "x", "origin": [10, 6, 0]},
			"faces": {
				"north": {"uv": [8.5, 9.5, 16, 10.5], "rotation": 180, "texture": "#1"},
				"east": {"uv": [8, 0, 9, 1], "rotation": 90, "texture": "#1"},
				"south": {"uv": [0, 10, 3.5, 13], "texture": "#1"},
				"west": {"uv": [8, 0, 9, 1], "rotation": 270, "texture": "#1"},
				"up": {"uv": [0, 10, 3.5, 13], "texture": "#1"},
				"down": {"uv": [7.5, 10, 15.5, 16], "rotation": 180, "texture": "#1"}
			}
		},
		{
			"name": "BackCushion",
			"from": [0.12135, 3.81559, 1.005],
			"to": [2.12135, 6.06559, 15.995],
			"rotation": {"angle": 22.5, "axis": "z", "origin": [0, 6, 8]},
			"faces": {
				"north": {"uv": [8, 0, 9, 1], "rotation": 90, "texture": "#1"},
				"east": {"uv": [0, 10, 3.5, 13], "texture": "#1"},
				"south": {"uv": [8, 0, 9, 1], "rotation": 270, "texture": "#1"},
				"west": {"uv": [8.5, 8, 16, 9], "rotation": 180, "texture": "#1"},
				"up": {"uv": [0, 10, 3.5, 13], "rotation": 270, "texture": "#1"},
				"down": {"uv": [8, 7.5, 16, 9], "rotation": 270, "texture": "#1"}
			}
		},
		{
			"name": "BackCushion",
			"from": [13.005, 20.85394, 12.65],
			"to": [14.995, 22.26394, 13.65],
			"rotation": {"angle": 45, "axis": "x", "origin": [14, 21.705, 12.5]},
			"faces": {
				"north": {"uv": [8.5, 0, 9.5, 0.5], "texture": "#1"},
				"east": {"uv": [8, 0, 8.5, 0.5], "texture": "#1"},
				"south": {"uv": [0, 10, 3.5, 13], "texture": "#1"},
				"west": {"uv": [8, 0, 8.5, 0.5], "texture": "#1"},
				"up": {"uv": [8.5, 0, 15.5, 0.5], "texture": "#1"},
				"down": {"uv": [0, 10, 3.5, 13], "texture": "#1"}
			}
		},
		{
			"name": "BackCushion",
			"from": [12.47, 20.93, 13.005],
			"to": [13.47, 22.34, 14.995],
			"rotation": {"angle": -45, "axis": "z", "origin": [12.32843, 21.53343, 14]},
			"faces": {
				"north": {"uv": [8, 0, 8.5, 0.5], "texture": "#1"},
				"east": {"uv": [0, 10, 3.5, 13], "texture": "#1"},
				"south": {"uv": [8, 0, 8.5, 0.5], "texture": "#1"},
				"west": {"uv": [8.5, 0, 9.5, 0.5], "texture": "#1"},
				"up": {"uv": [8.5, 0, 15.5, 0.5], "rotation": 270, "texture": "#1"},
				"down": {"uv": [0, 10, 3.5, 13], "rotation": 90, "texture": "#1"}
			}
		}
	],
	"display": {
		"thirdperson_righthand": {
			"rotation": [75, -89, 13],
			"translation": [-5.75, 1.5, -3.75],
			"scale": [0.64, 0.64, 0.64]
		},
		"firstperson_righthand": {
			"rotation": [0, 22, 0],
			"translation": [-0.75, 2.5, 1.5],
			"scale": [0.25, 0.25, 0.25]
		},
		"firstperson_lefthand": {
			"rotation": [0, -168, 0],
			"translation": [-0.75, 2.5, 1.5],
			"scale": [0.25, 0.25, 0.25]
		},
		"ground": {
			"rotation": [0, 0, -16],
			"translation": [0, 3.25, 0],
			"scale": [0.76, 0.76, 0.76]
		},
		"gui": {
			"rotation": [6, 60, 9],
			"translation": [-0.5, -3, 0],
			"scale": [0.52, 0.52, 0.52]
		},
		"head": {
			"rotation": [-180, 90, 0],
			"translation": [0, 8.5, 0]
		},
		"fixed": {
			"rotation": [14, -90, 35],
			"translation": [0, -2, -6.5],
			"scale": [0.92, 0.92, 0.92]
		}
	}
}