{
    "__comment": "Model generated using MrCrayfish's Model Creator (http://mrcrayfish.com/modelcreator/)",
    "parent": "block/block",
	"textures": {
        "particle": "#all",
        "0": "#all"
    },
    "elements": [
        {
            "name": "Cube",
            "from": [ 1.0, 1.0, -1.0 ], 
            "to": [ 15.0, 15.0, -1.0 ], 
            "shade": false,
            "faces": {
                "north": { "texture": "#0", "tintindex": 0, "uv": [ 0.0, 0.0, 14.0, 14.0 ] },
                "east": { "texture": "#0", "tintindex": 0, "uv": [ 0.0, 0.0, 0.0, 14.0 ] },
                "south": { "texture": "#0", "tintindex": 0, "uv": [ 0.0, 0.0, 14.0, 14.0 ] },
                "west": { "texture": "#0", "tintindex": 0, "uv": [ 0.0, 0.0, 0.0, 14.0 ] },
                "up": { "texture": "#0", "tintindex": 0, "uv": [ 0.0, 0.0, 14.0, 0.0 ] },
                "down": { "texture": "#0", "tintindex": 0, "uv": [ 0.0, 0.0, 14.0, 0.0 ] }
            }
        },
        {
            "name": "Cube",
            "from": [ 1.0, 1.0, 17.0 ], 
            "to": [ 15.0, 15.0, 17.0 ], 
            "shade": false,
            "faces": {
                "north": { "texture": "#0", "tintindex": 0, "uv": [ 0.0, 0.0, 14.0, 14.0 ] },
                "east": { "texture": "#0", "tintindex": 0, "uv": [ 0.0, 0.0, 0.0, 14.0 ] },
                "south": { "texture": "#0", "tintindex": 0, "uv": [ 0.0, 0.0, 14.0, 14.0 ] },
                "west": { "texture": "#0", "tintindex": 0, "uv": [ 0.0, 0.0, 0.0, 14.0 ] },
                "up": { "texture": "#0", "tintindex": 0, "uv": [ 0.0, 0.0, 14.0, 0.0 ] },
                "down": { "texture": "#0", "tintindex": 0, "uv": [ 0.0, 0.0, 14.0, 0.0 ] }
            }
        },
        {
            "name": "Cube",
            "from": [ 1.0, -1.0, 1.0 ], 
            "to": [ 15.0, -1.0, 15.0 ], 
            "shade": false,
            "faces": {
                "north": { "texture": "#0", "tintindex": 0, "uv": [ 0.0, 0.0, 14.0, 0.0 ] },
                "east": { "texture": "#0", "tintindex": 0, "uv": [ 0.0, 0.0, 14.0, 0.0 ] },
                "south": { "texture": "#0", "tintindex": 0, "uv": [ 0.0, 0.0, 14.0, 0.0 ] },
                "west": { "texture": "#0", "tintindex": 0, "uv": [ 0.0, 0.0, 14.0, 0.0 ] },
                "up": { "texture": "#0", "tintindex": 0, "uv": [ 0.0, 0.0, 14.0, 14.0 ] },
                "down": { "texture": "#0", "tintindex": 0, "uv": [ 0.0, 0.0, 14.0, 14.0 ] }
            }
        },
        {
            "name": "Cube",
            "from": [ 1.0, 17.0, 1.0 ], 
            "to": [ 15.0, 17.0, 15.0 ], 
            "shade": false,
            "faces": {
                "north": { "texture": "#0", "tintindex": 0, "uv": [ 0.0, 0.0, 14.0, 0.0 ] },
                "east": { "texture": "#0", "tintindex": 0, "uv": [ 0.0, 0.0, 14.0, 0.0 ] },
                "south": { "texture": "#0", "tintindex": 0, "uv": [ 0.0, 0.0, 14.0, 0.0 ] },
                "west": { "texture": "#0", "tintindex": 0, "uv": [ 0.0, 0.0, 14.0, 0.0 ] },
                "up": { "texture": "#0", "tintindex": 0, "uv": [ 0.0, 0.0, 14.0, 14.0 ] },
                "down": { "texture": "#0", "tintindex": 0, "uv": [ 0.0, 0.0, 14.0, 14.0 ] }
            }
        },
        {
            "name": "Cube",
            "from": [ -1.0, 1.0, 1.0 ], 
            "to": [ -1.0, 15.0, 15.0 ], 
            "shade": false,
            "faces": {
                "north": { "texture": "#0", "tintindex": 0, "uv": [ 0.0, 0.0, 0.0, 14.0 ] },
                "east": { "texture": "#0", "tintindex": 0, "uv": [ 0.0, 0.0, 14.0, 14.0 ] },
                "south": { "texture": "#0", "tintindex": 0, "uv": [ 0.0, 0.0, 0.0, 14.0 ] },
                "west": { "texture": "#0", "tintindex": 0, "uv": [ 0.0, 0.0, 14.0, 14.0 ] },
                "up": { "texture": "#0", "tintindex": 0, "uv": [ 0.0, 0.0, 0.0, 14.0 ] },
                "down": { "texture": "#0", "tintindex": 0, "uv": [ 0.0, 0.0, 0.0, 14.0 ] }
            }
        },
        {
            "name": "Cube",
            "from": [ 17.0, 1.0, 1.0 ], 
            "to": [ 17.0, 15.0, 15.0 ], 
            "shade": false,
            "faces": {
                "north": { "texture": "#0", "tintindex": 0, "uv": [ 0.0, 0.0, 0.0, 14.0 ] },
                "east": { "texture": "#0", "tintindex": 0, "uv": [ 0.0, 0.0, 14.0, 14.0 ] },
                "south": { "texture": "#0", "tintindex": 0, "uv": [ 0.0, 0.0, 0.0, 14.0 ] },
                "west": { "texture": "#0", "tintindex": 0, "uv": [ 0.0, 0.0, 14.0, 14.0 ] },
                "up": { "texture": "#0", "tintindex": 0, "uv": [ 0.0, 0.0, 0.0, 14.0 ] },
                "down": { "texture": "#0", "tintindex": 0, "uv": [ 0.0, 0.0, 0.0, 14.0 ] }
            }
        },
        {
            "name": "Cube",
            "from": [ 19.3, 1.0, 6.5 ], 
            "to": [ 19.3, 15.0, 9.5 ], 
            "shade": false,
            "rotation": { "origin": [ 8.0, 8.0, 8.0 ], "axis": "y", "angle": 45.0 },
            "faces": {
                "north": { "texture": "#0", "tintindex": 0, "uv": [ 0.0, 0.0, 0.0, 14.0 ] },
                "east": { "texture": "#0", "tintindex": 0, "uv": [ 0.0, 0.0, 3.0, 14.0 ] },
                "south": { "texture": "#0", "tintindex": 0, "uv": [ 0.0, 0.0, 0.0, 14.0 ] },
                "west": { "texture": "#0", "tintindex": 0, "uv": [ 0.0, 0.0, 3.0, 14.0 ] },
                "up": { "texture": "#0", "tintindex": 0, "uv": [ 0.0, 0.0, 0.0, 3.0 ] },
                "down": { "texture": "#0", "tintindex": 0, "uv": [ 0.0, 0.0, 0.0, 3.0 ] }
            }
        },
        {
            "name": "Cube",
            "from": [ 19.3, 1.0, 6.5 ], 
            "to": [ 19.3, 15.0, 9.5 ], 
            "shade": false,
            "rotation": { "origin": [ 8.0, 8.0, 8.0 ], "axis": "y", "angle": -45.0 },
            "faces": {
                "north": { "texture": "#0", "tintindex": 0, "uv": [ 0.0, 0.0, 0.0, 14.0 ] },
                "east": { "texture": "#0", "tintindex": 0, "uv": [ 0.0, 0.0, 3.0, 14.0 ] },
                "south": { "texture": "#0", "tintindex": 0, "uv": [ 0.0, 0.0, 0.0, 14.0 ] },
                "west": { "texture": "#0", "tintindex": 0, "uv": [ 0.0, 0.0, 3.0, 14.0 ] },
                "up": { "texture": "#0", "tintindex": 0, "uv": [ 0.0, 0.0, 0.0, 3.0 ] },
                "down": { "texture": "#0", "tintindex": 0, "uv": [ 0.0, 0.0, 0.0, 3.0 ] }
            }
        },
        {
            "name": "Cube",
            "from": [ -3.3, 1.0, 6.5 ], 
            "to": [ -3.3, 15.0, 9.5 ], 
            "shade": false,
            "rotation": { "origin": [ 8.0, 8.0, 8.0 ], "axis": "y", "angle": -45.0 },
            "faces": {
                "north": { "texture": "#0", "tintindex": 0, "uv": [ 0.0, 0.0, 0.0, 14.0 ] },
                "east": { "texture": "#0", "tintindex": 0, "uv": [ 0.0, 0.0, 3.0, 14.0 ] },
                "south": { "texture": "#0", "tintindex": 0, "uv": [ 0.0, 0.0, 0.0, 14.0 ] },
                "west": { "texture": "#0", "tintindex": 0, "uv": [ 0.0, 0.0, 3.0, 14.0 ] },
                "up": { "texture": "#0", "tintindex": 0, "uv": [ 0.0, 0.0, 0.0, 3.0 ] },
                "down": { "texture": "#0", "tintindex": 0, "uv": [ 0.0, 0.0, 0.0, 3.0 ] }
            }
        },
        {
            "name": "Cube",
            "from": [ -3.3, 1.0, 6.5 ], 
            "to": [ -3.3, 15.0, 9.5 ], 
            "shade": false,
            "rotation": { "origin": [ 8.0, 8.0, 8.0 ], "axis": "y", "angle": 45.0 },
            "faces": {
                "north": { "texture": "#0", "tintindex": 0, "uv": [ 0.0, 0.0, 0.0, 14.0 ] },
                "east": { "texture": "#0", "tintindex": 0, "uv": [ 0.0, 0.0, 3.0, 14.0 ] },
                "south": { "texture": "#0", "tintindex": 0, "uv": [ 0.0, 0.0, 0.0, 14.0 ] },
                "west": { "texture": "#0", "tintindex": 0, "uv": [ 0.0, 0.0, 3.0, 14.0 ] },
                "up": { "texture": "#0", "tintindex": 0, "uv": [ 0.0, 0.0, 0.0, 3.0 ] },
                "down": { "texture": "#0", "tintindex": 0, "uv": [ 0.0, 0.0, 0.0, 3.0 ] }
            }
        },
        {
            "name": "Cube",
            "from": [ 1.0, 6.5, -3.3 ], 
            "to": [ 15.0, 9.5, -3.3 ], 
            "shade": false,
            "rotation": { "origin": [ 8.0, 8.0, 8.0 ], "axis": "x", "angle": -45.0 },
            "faces": {
                "north": { "texture": "#0", "tintindex": 0, "uv": [ 0.0, 0.0, 14.0, 3.0 ] },
                "east": { "texture": "#0", "tintindex": 0, "uv": [ 0.0, 0.0, 0.0, 3.0 ] },
                "south": { "texture": "#0", "tintindex": 0, "uv": [ 0.0, 0.0, 14.0, 3.0 ] },
                "west": { "texture": "#0", "tintindex": 0, "uv": [ 0.0, 0.0, 0.0, 3.0 ] },
                "up": { "texture": "#0", "tintindex": 0, "uv": [ 0.0, 0.0, 14.0, 0.0 ] },
                "down": { "texture": "#0", "tintindex": 0, "uv": [ 0.0, 0.0, 14.0, 0.0 ] }
            }
        },
        {
            "name": "Cube",
            "from": [ 1.0, 6.5, -3.3 ], 
            "to": [ 15.0, 9.5, -3.3 ], 
            "shade": false,
            "rotation": { "origin": [ 8.0, 8.0, 8.0 ], "axis": "x", "angle": 45.0 },
            "faces": {
                "north": { "texture": "#0", "tintindex": 0, "uv": [ 2.0, 7.0, 16.0, 10.0 ] },
                "east": { "texture": "#0", "tintindex": 0, "uv": [ 0.0, 0.0, 0.0, 3.0 ] },
                "south": { "texture": "#0", "tintindex": 0, "uv": [ 2.0, 4.0, 16.0, 7.0 ] },
                "west": { "texture": "#0", "tintindex": 0, "uv": [ 0.0, 0.0, 0.0, 3.0 ] },
                "up": { "texture": "#0", "tintindex": 0, "uv": [ 0.0, 0.0, 14.0, 0.0 ] },
                "down": { "texture": "#0", "tintindex": 0, "uv": [ 0.0, 0.0, 14.0, 0.0 ] }
            }
        },
        {
            "name": "Cube",
            "from": [ 1.0, 6.5, 19.3 ], 
            "to": [ 15.0, 9.5, 19.3 ], 
            "shade": false,
            "rotation": { "origin": [ 8.0, 8.0, 8.0 ], "axis": "x", "angle": 45.0 },
            "faces": {
                "north": { "texture": "#0", "tintindex": 0, "uv": [ 2.0, 7.0, 16.0, 10.0 ] },
                "east": { "texture": "#0", "tintindex": 0, "uv": [ 0.0, 0.0, 0.0, 3.0 ] },
                "south": { "texture": "#0", "tintindex": 0, "uv": [ 2.0, 4.0, 16.0, 7.0 ] },
                "west": { "texture": "#0", "tintindex": 0, "uv": [ 0.0, 0.0, 0.0, 3.0 ] },
                "up": { "texture": "#0", "tintindex": 0, "uv": [ 0.0, 0.0, 14.0, 0.0 ] },
                "down": { "texture": "#0", "tintindex": 0, "uv": [ 0.0, 0.0, 14.0, 0.0 ] }
            }
        },
        {
            "name": "Cube",
            "from": [ 1.0, 6.5, 19.3 ], 
            "to": [ 15.0, 9.5, 19.3 ], 
            "shade": false,
            "rotation": { "origin": [ 8.0, 8.0, 8.0 ], "axis": "x", "angle": -45.0 },
            "faces": {
                "north": { "texture": "#0", "tintindex": 0, "uv": [ 2.0, 7.0, 16.0, 10.0 ] },
                "east": { "texture": "#0", "tintindex": 0, "uv": [ 0.0, 0.0, 0.0, 3.0 ] },
                "south": { "texture": "#0", "tintindex": 0, "uv": [ 2.0, 4.0, 16.0, 7.0 ] },
                "west": { "texture": "#0", "tintindex": 0, "uv": [ 0.0, 0.0, 0.0, 3.0 ] },
                "up": { "texture": "#0", "tintindex": 0, "uv": [ 0.0, 0.0, 14.0, 0.0 ] },
                "down": { "texture": "#0", "tintindex": 0, "uv": [ 0.0, 0.0, 14.0, 0.0 ] }
            }
        },
        {
            "name": "Cube",
            "from": [ -3.3, 6.5, 1.0 ], 
            "to": [ -3.3, 9.5, 15.0 ], 
            "shade": false,
            "rotation": { "origin": [ 8.0, 8.0, 8.0 ], "axis": "z", "angle": 45.0 },
            "faces": {
                "north": { "texture": "#0", "tintindex": 0, "uv": [ 0.0, 0.0, 0.0, 3.0 ] },
                "east": { "texture": "#0", "tintindex": 0, "uv": [ 0.0, 0.0, 14.0, 3.0 ] },
                "south": { "texture": "#0", "tintindex": 0, "uv": [ 0.0, 0.0, 0.0, 3.0 ] },
                "west": { "texture": "#0", "tintindex": 0, "uv": [ 0.0, 0.0, 14.0, 3.0 ] },
                "up": { "texture": "#0", "tintindex": 0, "uv": [ 0.0, 0.0, 0.0, 14.0 ] },
                "down": { "texture": "#0", "tintindex": 0, "uv": [ 0.0, 0.0, 0.0, 14.0 ] }
            }
        },
        {
            "name": "Cube",
            "from": [ -3.3, 6.5, 1.0 ], 
            "to": [ -3.3, 9.5, 15.0 ], 
            "shade": false,
            "rotation": { "origin": [ 8.0, 8.0, 8.0 ], "axis": "z", "angle": -45.0 },
            "faces": {
                "north": { "texture": "#0", "tintindex": 0, "uv": [ 0.0, 0.0, 0.0, 3.0 ] },
                "east": { "texture": "#0", "tintindex": 0, "uv": [ 0.0, 0.0, 14.0, 3.0 ] },
                "south": { "texture": "#0", "tintindex": 0, "uv": [ 0.0, 0.0, 0.0, 3.0 ] },
                "west": { "texture": "#0", "tintindex": 0, "uv": [ 0.0, 0.0, 14.0, 3.0 ] },
                "up": { "texture": "#0", "tintindex": 0, "uv": [ 0.0, 0.0, 0.0, 14.0 ] },
                "down": { "texture": "#0", "tintindex": 0, "uv": [ 0.0, 0.0, 0.0, 14.0 ] }
            }
        },
        {
            "name": "Cube",
            "from": [ 19.3, 6.5, 1.0 ], 
            "to": [ 19.3, 9.5, 15.0 ], 
            "shade": false,
            "rotation": { "origin": [ 8.0, 8.0, 8.0 ], "axis": "z", "angle": -45.0 },
            "faces": {
                "north": { "texture": "#0", "tintindex": 0, "uv": [ 0.0, 0.0, 0.0, 3.0 ] },
                "east": { "texture": "#0", "tintindex": 0, "uv": [ 0.0, 0.0, 14.0, 3.0 ] },
                "south": { "texture": "#0", "tintindex": 0, "uv": [ 0.0, 0.0, 0.0, 3.0 ] },
                "west": { "texture": "#0", "tintindex": 0, "uv": [ 0.0, 0.0, 14.0, 3.0 ] },
                "up": { "texture": "#0", "tintindex": 0, "uv": [ 0.0, 0.0, 0.0, 14.0 ] },
                "down": { "texture": "#0", "tintindex": 0, "uv": [ 0.0, 0.0, 0.0, 14.0 ] }
            }
        },
        {
            "name": "Cube",
            "from": [ 19.3, 6.5, 1.0 ], 
            "to": [ 19.3, 9.5, 15.0 ], 
            "shade": false,
            "rotation": { "origin": [ 8.0, 8.0, 8.0 ], "axis": "z", "angle": 45.0 },
            "faces": {
                "north": { "texture": "#0", "tintindex": 0, "uv": [ 0.0, 0.0, 0.0, 3.0 ] },
                "east": { "texture": "#0", "tintindex": 0, "uv": [ 0.0, 0.0, 14.0, 3.0 ] },
                "south": { "texture": "#0", "tintindex": 0, "uv": [ 0.0, 0.0, 0.0, 3.0 ] },
                "west": { "texture": "#0", "tintindex": 0, "uv": [ 0.0, 0.0, 14.0, 3.0 ] },
                "up": { "texture": "#0", "tintindex": 0, "uv": [ 0.0, 0.0, 0.0, 14.0 ] },
                "down": { "texture": "#0", "tintindex": 0, "uv": [ 0.0, 0.0, 0.0, 14.0 ] }
            }
        },
        {
            "name": "Cube",
            "from": [ 8.0, 0.0, -2.0 ], 
            "to": [ 8.0, 16.0, 18.0 ], 
            "shade": false,
            "rotation": { "origin": [ 8.0, 8.0, 8.0 ], "axis": "y", "angle": -45.0 },
            "faces": {
                "north": { "texture": "#0", "tintindex": 0, "uv": [ 0.0, 0.0, 0.0, 16.0 ] },
                "east": { "texture": "#0", "tintindex": 0, "uv": [ 0.0, 0.0, 20.0, 16.0 ] },
                "south": { "texture": "#0", "tintindex": 0, "uv": [ 0.0, 0.0, 0.0, 16.0 ] },
                "west": { "texture": "#0", "tintindex": 0, "uv": [ 0.0, 0.0, 20.0, 16.0 ] },
                "up": { "texture": "#0", "tintindex": 0, "uv": [ 0.0, 0.0, 0.0, 20.0 ] },
                "down": { "texture": "#0", "tintindex": 0, "uv": [ 0.0, 0.0, 0.0, 20.0 ] }
            }
        },
        {
            "name": "Cube",
            "from": [ 8.0, 0.0, -2.0 ], 
            "to": [ 8.0, 16.0, 18.0 ], 
            "shade": false,
            "rotation": { "origin": [ 8.0, 8.0, 8.0 ], "axis": "y", "angle": 45.0 },
            "faces": {
                "north": { "texture": "#0", "tintindex": 0, "uv": [ 0.0, 0.0, 0.0, 16.0 ] },
                "east": { "texture": "#0", "tintindex": 0, "uv": [ 0.0, 0.0, 20.0, 16.0 ] },
                "south": { "texture": "#0", "tintindex": 0, "uv": [ 0.0, 0.0, 0.0, 16.0 ] },
                "west": { "texture": "#0", "tintindex": 0, "uv": [ 0.0, 0.0, 20.0, 16.0 ] },
                "up": { "texture": "#0", "tintindex": 0, "uv": [ 0.0, 0.0, 0.0, 20.0 ] },
                "down": { "texture": "#0", "tintindex": 0, "uv": [ 0.0, 0.0, 0.0, 20.0 ] }
            }
        },
        {
            "name": "Cube",
            "from": [ 8.0, -2.0, 0.0 ], 
            "to": [ 8.0, 18.0, 16.0 ], 
            "shade": false,
            "rotation": { "origin": [ 8.0, 8.0, 8.0 ], "axis": "z", "angle": 45.0 },
            "faces": {
                "north": { "texture": "#0", "tintindex": 0, "uv": [ 0.0, 0.0, 0.0, 20.0 ] },
                "east": { "texture": "#0", "tintindex": 0, "uv": [ 0.0, 0.0, 16.0, 20.0 ] },
                "south": { "texture": "#0", "tintindex": 0, "uv": [ 0.0, 0.0, 0.0, 20.0 ] },
                "west": { "texture": "#0", "tintindex": 0, "uv": [ 0.0, 0.0, 16.0, 20.0 ] },
                "up": { "texture": "#0", "tintindex": 0, "uv": [ 0.0, 0.0, 0.0, 16.0 ] },
                "down": { "texture": "#0", "tintindex": 0, "uv": [ 0.0, 0.0, 0.0, 16.0 ] }
            }
        },
        {
            "name": "Cube",
            "from": [ 8.0, -2.0, 0.0 ], 
            "to": [ 8.0, 18.0, 16.0 ], 
            "shade": false,
            "rotation": { "origin": [ 8.0, 8.0, 8.0 ], "axis": "z", "angle": -45.0 },
            "faces": {
                "north": { "texture": "#0", "tintindex": 0, "uv": [ 0.0, 0.0, 0.0, 20.0 ] },
                "east": { "texture": "#0", "tintindex": 0, "uv": [ 0.0, 0.0, 16.0, 20.0 ] },
                "south": { "texture": "#0", "tintindex": 0, "uv": [ 0.0, 0.0, 0.0, 20.0 ] },
                "west": { "texture": "#0", "tintindex": 0, "uv": [ 0.0, 0.0, 16.0, 20.0 ] },
                "up": { "texture": "#0", "tintindex": 0, "uv": [ 0.0, 0.0, 0.0, 16.0 ] },
                "down": { "texture": "#0", "tintindex": 0, "uv": [ 0.0, 0.0, 0.0, 16.0 ] }
            }
        },
        {
            "name": "Cube",
            "from": [ 0.0, -2.0, 8.0 ], 
            "to": [ 16.0, 18.0, 8.0 ], 
            "shade": false,
            "rotation": { "origin": [ 8.0, 8.0, 8.0 ], "axis": "x", "angle": -45.0 },
            "faces": {
                "north": { "texture": "#0", "tintindex": 0, "uv": [ 0.0, 0.0, 16.0, 20.0 ] },
                "east": { "texture": "#0", "tintindex": 0, "uv": [ 0.0, 0.0, 0.0, 20.0 ] },
                "south": { "texture": "#0", "tintindex": 0, "uv": [ 0.0, 0.0, 16.0, 20.0 ] },
                "west": { "texture": "#0", "tintindex": 0, "uv": [ 0.0, 0.0, 0.0, 20.0 ] },
                "up": { "texture": "#0", "tintindex": 0, "uv": [ 0.0, 0.0, 16.0, 0.0 ] },
                "down": { "texture": "#0", "tintindex": 0, "uv": [ 0.0, 0.0, 16.0, 0.0 ] }
            }
        },
        {
            "name": "Cube",
            "from": [ 0.0, -2.0, 8.0 ], 
            "to": [ 16.0, 18.0, 8.0 ], 
            "shade": false,
            "rotation": { "origin": [ 8.0, 8.0, 8.0 ], "axis": "x", "angle": 45.0 },
            "faces": {
                "north": { "texture": "#0", "tintindex": 0, "uv": [ 0.0, 0.0, 16.0, 20.0 ] },
                "east": { "texture": "#0", "tintindex": 0, "uv": [ 0.0, 0.0, 0.0, 20.0 ] },
                "south": { "texture": "#0", "tintindex": 0, "uv": [ 0.0, 0.0, 16.0, 20.0 ] },
                "west": { "texture": "#0", "tintindex": 0, "uv": [ 0.0, 0.0, 0.0, 20.0 ] },
                "up": { "texture": "#0", "tintindex": 0, "uv": [ 0.0, 0.0, 16.0, 0.0 ] },
                "down": { "texture": "#0", "tintindex": 0, "uv": [ 0.0, 0.0, 16.0, 0.0 ] }
            }
        }
    ]
}