{
    "__comment": "Model generated using MrCrayfish's Model Creator (http://mrcrayfish.com/modelcreator/)",
    "parent": "block/block",
	"textures": {
		"particle": "block/custom_model_textures/generator/generator_parts/fifth",
        "0": "block/custom_model_textures/generator/frame_pipes/frame_pipe",
        "1": "block/custom_model_textures/generator/generator_parts/fifth",
        "2": "block/custom_model_textures/generator/generator_parts/ninth",
        "3": "block/custom_model_textures/generator/generator_parts/second",
        "4": "block/custom_model_textures/generator/generator_parts/fourth",
        "5": "block/custom_model_textures/generator/generator_parts/sixth",
        "6": "block/custom_model_textures/generator/generator_parts/seventh",
        "7": "block/custom_model_textures/generator/generator_parts/eighth"
    },
    "elements": [
        {
            "name": "Cube",
            "from": [ 0.0, 0.0, 2.0 ], 
            "to": [ 16.0, 1.0, 3.0 ], 
            "faces": {
                "north": { "texture": "#0", "uv": [ 0.0, 7.0, 16.0, 8.0 ] },
                "east": { "texture": "#0", "uv": [ 10.0, 7.0, 11.0, 8.0 ] },
                "south": { "texture": "#0", "uv": [ 0.0, 7.0, 16.0, 8.0 ] },
                "west": { "texture": "#0", "uv": [ 0.0, 7.0, 1.0, 8.0 ] },
                "up": { "texture": "#0", "uv": [ 0.0, 7.0, 16.0, 8.0 ] },
                "down": { "texture": "#0", "uv": [ 0.0, 7.0, 16.0, 8.0 ] }
            }
        },
        {
            "name": "Cube",
            "from": [ 0.0, 0.0, 13.0 ], 
            "to": [ 16.0, 1.0, 14.0 ], 
            "faces": {
                "north": { "texture": "#0", "uv": [ 0.0, 7.0, 16.0, 8.0 ] },
                "east": { "texture": "#0", "uv": [ 0.0, 7.0, 1.0, 8.0 ] },
                "south": { "texture": "#0", "uv": [ 0.0, 7.0, 16.0, 8.0 ], "rotation": 180 },
                "west": { "texture": "#0", "uv": [ 6.0, 7.0, 7.0, 8.0 ] },
                "up": { "texture": "#0", "uv": [ 0.0, 7.0, 16.0, 8.0 ] },
                "down": { "texture": "#0", "uv": [ 0.0, 7.0, 16.0, 8.0 ] }
            }
        },
        {
            "name": "Cube",
            "from": [ 0.0, 1.0, 2.0 ], 
            "to": [ 1.0, 12.0, 3.0 ], 
            "faces": {
                "north": { "texture": "#0", "uv": [ 2.0, 7.0, 13.0, 8.0 ], "rotation": 90 },
                "east": { "texture": "#0", "uv": [ 4.0, 7.0, 15.0, 8.0 ], "rotation": 270 },
                "south": { "texture": "#0", "uv": [ 2.0, 7.0, 13.0, 8.0 ], "rotation": 90 },
                "west": { "texture": "#0", "uv": [ 0.0, 7.0, 11.0, 8.0 ], "rotation": 90 },
                "up": { "texture": "#0", "uv": [ 5.0, 7.0, 6.0, 8.0 ] },
                "down": { "texture": "#0", "uv": [ 5.0, 7.0, 6.0, 8.0 ] }
            }
        },
        {
            "name": "Cube",
            "from": [ 15.0, 1.0, 13.0 ], 
            "to": [ 16.0, 12.0, 14.0 ], 
            "faces": {
                "north": { "texture": "#0", "uv": [ 0.0, 7.0, 11.0, 8.0 ], "rotation": 90 },
                "east": { "texture": "#0", "uv": [ 4.0, 7.0, 15.0, 8.0 ], "rotation": 270 },
                "south": { "texture": "#0", "uv": [ 3.0, 7.0, 14.0, 8.0 ], "rotation": 90 },
                "west": { "texture": "#0", "uv": [ 4.0, 7.0, 15.0, 8.0 ], "rotation": 270 },
                "up": { "texture": "#0", "uv": [ 2.0, 7.0, 3.0, 8.0 ] },
                "down": { "texture": "#0", "uv": [ 10.0, 7.0, 11.0, 8.0 ] }
            }
        },
        {
            "name": "Cube",
            "from": [ 15.0, 1.0, 2.0 ], 
            "to": [ 16.0, 12.0, 3.0 ], 
            "faces": {
                "north": { "texture": "#0", "uv": [ 2.0, 7.0, 13.0, 8.0 ], "rotation": 90 },
                "east": { "texture": "#0", "uv": [ 2.0, 7.0, 13.0, 8.0 ], "rotation": 270 },
                "south": { "texture": "#0", "uv": [ 2.0, 7.0, 13.0, 8.0 ], "rotation": 90 },
                "west": { "texture": "#0", "uv": [ 4.0, 7.0, 15.0, 8.0 ], "rotation": 270 },
                "up": { "texture": "#0", "uv": [ 9.0, 7.0, 10.0, 8.0 ] },
                "down": { "texture": "#0", "uv": [ 6.0, 7.0, 7.0, 8.0 ] }
            }
        },
        {
            "name": "Cube",
            "from": [ 0.0, 11.0, 3.0 ], 
            "to": [ 1.0, 12.0, 13.0 ], 
            "faces": {
                "north": { "texture": "#0", "uv": [ 2.0, 7.0, 3.0, 8.0 ] },
                "east": { "texture": "#0", "uv": [ 1.0, 7.0, 11.0, 8.0 ] },
                "south": { "texture": "#0", "uv": [ 6.0, 7.0, 7.0, 8.0 ] },
                "west": { "texture": "#0", "uv": [ 5.0, 7.0, 15.0, 8.0 ] },
                "up": { "texture": "#0", "uv": [ 2.0, 7.0, 12.0, 8.0 ], "rotation": 90 },
                "down": { "texture": "#0", "uv": [ 0.0, 7.0, 10.0, 8.0 ], "rotation": 270 }
            }
        },
        {
            "name": "Cube",
            "from": [ 15.0, 11.0, 3.0 ], 
            "to": [ 16.0, 12.0, 13.0 ], 
            "faces": {
                "north": { "texture": "#0", "uv": [ 5.0, 7.0, 6.0, 8.0 ] },
                "east": { "texture": "#0", "uv": [ 3.0, 7.0, 13.0, 8.0 ] },
                "south": { "texture": "#0", "uv": [ 4.0, 7.0, 5.0, 8.0 ] },
                "west": { "texture": "#0", "uv": [ 2.0, 7.0, 12.0, 8.0 ] },
                "up": { "texture": "#0", "uv": [ 4.0, 7.0, 14.0, 8.0 ], "rotation": 90 },
                "down": { "texture": "#0", "uv": [ 6.0, 7.0, 16.0, 8.0 ], "rotation": 270 }
            }
        },
        {
            "name": "Cube",
            "from": [ 2.0, 4.0, 4.0 ], 
            "to": [ 14.0, 11.0, 12.0 ], 
            "faces": {
                "north": { "texture": "#1", "uv": [ 8.0, 0.0, 15.0, 12.0 ], "rotation": 90 },
                "east": { "texture": "#2", "uv": [ 4.0, 0.0, 12.0, 7.0 ] },
                "south": { "texture": "#1", "uv": [ 1.0, 3.0, 8.0, 15.0 ], "rotation": 270 },
                "west": { "texture": "#2", "uv": [ 4.0, 0.0, 12.0, 7.0 ] },
                "up": { "texture": "#3", "uv": [ 4.0, 0.0, 12.0, 12.0 ], "rotation": 90 },
                "down": { "texture": "#4", "uv": [ 4.0, 8.0, 16.0, 16.0 ] }
            }
        },
        {
            "name": "Cube",
            "from": [ 1.0, 9.0, 3.0 ], 
            "to": [ 15.0, 10.0, 13.0 ], 
            "faces": {
                "north": { "texture": "#5", "uv": [ 2.0, 10.0, 16.0, 11.0 ] },
                "east": { "texture": "#5", "uv": [ 0.0, 0.0, 10.0, 1.0 ] },
                "south": { "texture": "#5", "uv": [ 1.0, 13.0, 15.0, 14.0 ], "rotation": 180 },
                "west": { "texture": "#5", "uv": [ 0.0, 0.0, 10.0, 1.0 ] },
                "up": { "texture": "#5", "uv": [ 1.0, 6.0, 15.0, 16.0 ] },
                "down": { "texture": "#5", "uv": [ 0.0, 0.0, 14.0, 10.0 ] }
            }
        },
        {
            "name": "Cube",
            "from": [ 3.0, 11.0, 5.0 ], 
            "to": [ 13.0, 12.0, 11.0 ], 
            "faces": {
                "north": { "texture": "#5", "uv": [ 3.0, 10.0, 13.0, 11.0 ] },
                "east": { "texture": "#3", "uv": [ 5.0, 8.0, 11.0, 9.0 ] },
                "south": { "texture": "#5", "uv": [ 5.0, 8.0, 15.0, 9.0 ] },
                "west": { "texture": "#3", "uv": [ 5.0, 6.0, 11.0, 7.0 ] },
                "up": { "texture": "#3", "uv": [ 5.0, 5.0, 11.0, 15.0 ], "rotation": 90 },
                "down": { "texture": "#5", "uv": [ 0.0, 0.0, 10.0, 6.0 ] }
            }
        },
        {
            "name": "Cube",
            "from": [ 7.0, 12.0, 7.0 ], 
            "to": [ 9.0, 13.0, 9.0 ], 
            "faces": {
                "north": { "texture": "#6", "uv": [ 6.0, 0.0, 8.0, 1.0 ] },
                "east": { "texture": "#6", "uv": [ 8.0, 1.0, 10.0, 2.0 ] },
                "south": { "texture": "#6", "uv": [ 7.0, 1.0, 9.0, 2.0 ] },
                "west": { "texture": "#6", "uv": [ 7.0, 1.0, 9.0, 2.0 ] },
                "up": { "texture": "#6", "uv": [ 8.0, 0.0, 10.0, 2.0 ] },
                "down": { "texture": "#6", "uv": [ 6.0, 1.0, 8.0, 3.0 ] }
            }
        },
        {
            "name": "Cube",
            "from": [ 1.0, 2.0, 3.0 ], 
            "to": [ 9.0, 6.0, 7.0 ], 
            "faces": {
                "north": { "texture": "#7", "uv": [ 0.0, 3.0, 8.0, 7.0 ] },
                "east": { "texture": "#6", "uv": [ 12.0, 5.0, 16.0, 9.0 ], "rotation": 180 },
                "south": { "texture": "#7", "uv": [ 5.0, 3.0, 13.0, 7.0 ] },
                "west": { "texture": "#6", "uv": [ 0.0, 5.0, 4.0, 9.0 ] },
                "up": { "texture": "#7", "uv": [ 0.0, 0.0, 8.0, 4.0 ] },
                "down": { "texture": "#7", "uv": [ 8.0, 2.0, 16.0, 6.0 ] }
            }
        },
        {
            "name": "Cube",
            "from": [ 9.0, 3.0, 5.0 ], 
            "to": [ 15.0, 7.0, 9.0 ], 
            "faces": {
                "north": { "texture": "#7", "uv": [ 6.0, 11.0, 12.0, 15.0 ] },
                "east": { "texture": "#7", "uv": [ 12.0, 12.0, 16.0, 16.0 ] },
                "south": { "texture": "#7", "uv": [ 7.0, 11.0, 13.0, 15.0 ] },
                "west": { "texture": "#7", "uv": [ 12.0, 12.0, 16.0, 16.0 ] },
                "up": { "texture": "#7", "uv": [ 0.0, 10.0, 6.0, 14.0 ] },
                "down": { "texture": "#7", "uv": [ 6.0, 11.0, 12.0, 15.0 ] }
            }
        },
        {
            "name": "Cube",
            "from": [ 0.0, 3.0, 8.0 ], 
            "to": [ 6.0, 8.0, 13.0 ], 
            "faces": {
                "north": { "texture": "#6", "uv": [ 10.0, 0.0, 16.0, 5.0 ] },
                "east": { "texture": "#6", "uv": [ 11.0, 0.0, 16.0, 5.0 ] },
                "south": { "texture": "#6", "uv": [ 10.0, 0.0, 16.0, 5.0 ] },
                "west": { "texture": "#6", "uv": [ 10.0, 0.0, 15.0, 5.0 ] },
                "up": { "texture": "#6", "uv": [ 0.0, 0.0, 6.0, 5.0 ] },
                "down": { "texture": "#6", "uv": [ 0.0, 0.0, 6.0, 5.0 ] }
            }
        },
        {
            "name": "Cube",
            "from": [ 1.0, 4.0, 2.0 ], 
            "to": [ 15.0, 9.0, 2.0 ], 
            "faces": {
                "north": { "texture": "#6", "uv": [ 3.0, 9.0, 16.0, 14.0 ] },
                "east": { "texture": "#-1", "uv": [ 0.0, 0.0, 0.0, 5.0 ] },
                "south": { "texture": "#7", "uv": [ 1.0, 1.0, 15.0, 6.0 ] },
                "west": { "texture": "#-1", "uv": [ 0.0, 0.0, 0.0, 5.0 ] },
                "up": { "texture": "#-1", "uv": [ 0.0, 0.0, 14.0, 0.0 ] },
                "down": { "texture": "#-1", "uv": [ 0.0, 0.0, 14.0, 0.0 ] }
            }
        },
        {
            "name": "Cube",
            "from": [ 0.0, 9.0, 1.0 ], 
            "to": [ 16.0, 10.0, 2.0 ], 
            "faces": {
                "north": { "texture": "#1", "uv": [ 0.0, 0.0, 1.0, 16.0 ], "rotation": 90 },
                "east": { "texture": "#1", "uv": [ 7.0, 11.0, 8.0, 12.0 ] },
                "south": { "texture": "#1", "uv": [ 8.0, 0.0, 9.0, 16.0 ], "rotation": 90 },
                "west": { "texture": "#1", "uv": [ 8.0, 10.0, 9.0, 11.0 ] },
                "up": { "texture": "#1", "uv": [ 8.0, 0.0, 9.0, 16.0 ], "rotation": 270 },
                "down": { "texture": "#1", "uv": [ 8.0, 0.0, 9.0, 16.0 ], "rotation": 90 }
            }
        },
        {
            "name": "Cube",
            "from": [ 0.0, 9.0, 14.0 ], 
            "to": [ 16.0, 10.0, 15.0 ], 
            "faces": {
                "north": { "texture": "#1", "uv": [ 0.0, 0.0, 1.0, 16.0 ], "rotation": 270 },
                "east": { "texture": "#1", "uv": [ 7.0, 15.0, 8.0, 16.0 ] },
                "south": { "texture": "#1", "uv": [ 0.0, 0.0, 1.0, 16.0 ], "rotation": 90 },
                "west": { "texture": "#1", "uv": [ 7.0, 11.0, 8.0, 12.0 ] },
                "up": { "texture": "#1", "uv": [ 8.0, 0.0, 9.0, 16.0 ], "rotation": 270 },
                "down": { "texture": "#1", "uv": [ 8.0, 0.0, 9.0, 16.0 ], "rotation": 90 }
            }
        },
        {
            "name": "Cube",
            "from": [ 2.0, 0.0, 3.0 ], 
            "to": [ 3.0, 1.0, 13.0 ], 
            "faces": {
                "north": { "texture": "#0", "uv": [ 7.0, 7.0, 8.0, 8.0 ] },
                "east": { "texture": "#0", "uv": [ 4.0, 7.0, 14.0, 8.0 ] },
                "south": { "texture": "#0", "uv": [ 6.0, 7.0, 7.0, 8.0 ] },
                "west": { "texture": "#0", "uv": [ 4.0, 7.0, 14.0, 8.0 ] },
                "up": { "texture": "#0", "uv": [ 1.0, 7.0, 11.0, 8.0 ], "rotation": 270 },
                "down": { "texture": "#0", "uv": [ 6.0, 7.0, 16.0, 8.0 ], "rotation": 90 }
            }
        },
        {
            "name": "Cube",
            "from": [ 11.0, 0.0, 3.0 ], 
            "to": [ 12.0, 1.0, 13.0 ], 
            "faces": {
                "north": { "texture": "#0", "uv": [ 2.0, 7.0, 3.0, 8.0 ] },
                "east": { "texture": "#0", "uv": [ 3.0, 7.0, 13.0, 8.0 ] },
                "south": { "texture": "#0", "uv": [ 5.0, 7.0, 6.0, 8.0 ] },
                "west": { "texture": "#0", "uv": [ 4.0, 7.0, 14.0, 8.0 ] },
                "up": { "texture": "#0", "uv": [ 2.0, 7.0, 12.0, 8.0 ], "rotation": 90 },
                "down": { "texture": "#0", "uv": [ 6.0, 7.0, 16.0, 8.0 ], "rotation": 270 }
            }
        },
        {
            "name": "Cube",
            "from": [ 11.0, 6.0, 11.0 ], 
            "to": [ 12.0, 6.0, 16.0 ], 
            "rotation": { "origin": [ 8.0, 8.0, 8.0 ], "axis": "x", "angle": 45.0 },
            "faces": {
                "north": { "texture": "#-1", "uv": [ 0.0, 0.0, 1.0, 0.0 ] },
                "east": { "texture": "#-1", "uv": [ 0.0, 0.0, 5.0, 0.0 ] },
                "south": { "texture": "#-1", "uv": [ 0.0, 0.0, 1.0, 0.0 ] },
                "west": { "texture": "#-1", "uv": [ 0.0, 0.0, 5.0, 0.0 ] },
                "up": { "texture": "#0", "uv": [ 4.0, 7.0, 9.0, 8.0 ], "rotation": 90 },
                "down": { "texture": "#0", "uv": [ 2.0, 7.0, 7.0, 8.0 ], "rotation": 270 }
            }
        },
        {
            "name": "Cube",
            "from": [ 2.0, 6.0, 13.0 ], 
            "to": [ 3.0, 6.0, 16.0 ], 
            "rotation": { "origin": [ 8.0, 8.0, 8.0 ], "axis": "x", "angle": 45.0 },
            "faces": {
                "north": { "texture": "#-1", "uv": [ 0.0, 0.0, 1.0, 0.0 ] },
                "east": { "texture": "#-1", "uv": [ 0.0, 0.0, 3.0, 0.0 ] },
                "south": { "texture": "#-1", "uv": [ 0.0, 0.0, 1.0, 0.0 ] },
                "west": { "texture": "#-1", "uv": [ 0.0, 0.0, 3.0, 0.0 ] },
                "up": { "texture": "#0", "uv": [ 4.0, 7.0, 7.0, 8.0 ], "rotation": 90 },
                "down": { "texture": "#0", "uv": [ 7.0, 7.0, 10.0, 8.0 ], "rotation": 270 }
            }
        },
        {
            "name": "Cube",
            "from": [ 2.0, 6.0, 0.0 ], 
            "to": [ 3.0, 6.0, 3.0 ], 
            "rotation": { "origin": [ 8.0, 8.0, 8.0 ], "axis": "x", "angle": -45.0 },
            "faces": {
                "north": { "texture": "#-1", "uv": [ 0.0, 0.0, 1.0, 0.0 ] },
                "east": { "texture": "#-1", "uv": [ 0.0, 0.0, 3.0, 0.0 ] },
                "south": { "texture": "#-1", "uv": [ 0.0, 0.0, 1.0, 0.0 ] },
                "west": { "texture": "#-1", "uv": [ 0.0, 0.0, 3.0, 0.0 ] },
                "up": { "texture": "#0", "uv": [ 3.0, 7.0, 6.0, 8.0 ], "rotation": 270 },
                "down": { "texture": "#0", "uv": [ 2.0, 7.0, 5.0, 8.0 ], "rotation": 90 }
            }
        },
        {
            "name": "Cube",
            "from": [ 11.0, 6.0, 0.0 ], 
            "to": [ 12.0, 6.0, 3.0 ], 
            "rotation": { "origin": [ 8.0, 8.0, 8.0 ], "axis": "x", "angle": -45.0 },
            "faces": {
                "north": { "texture": "#-1", "uv": [ 0.0, 0.0, 1.0, 0.0 ] },
                "east": { "texture": "#-1", "uv": [ 0.0, 0.0, 3.0, 0.0 ] },
                "south": { "texture": "#-1", "uv": [ 0.0, 0.0, 1.0, 0.0 ] },
                "west": { "texture": "#-1", "uv": [ 0.0, 0.0, 3.0, 0.0 ] },
                "up": { "texture": "#0", "uv": [ 3.0, 7.0, 6.0, 8.0 ], "rotation": 90 },
                "down": { "texture": "#0", "uv": [ 2.0, 7.0, 5.0, 8.0 ], "rotation": 270 }
            }
        },
        {
            "name": "Cube",
            "from": [ 0.0, 1.0, 13.0 ], 
            "to": [ 1.0, 12.0, 14.0 ], 
            "faces": {
                "north": { "texture": "#0", "uv": [ 2.0, 7.0, 13.0, 8.0 ], "rotation": 270 },
                "east": { "texture": "#0", "uv": [ 4.0, 7.0, 15.0, 8.0 ], "rotation": 90 },
                "south": { "texture": "#0", "uv": [ 2.0, 7.0, 13.0, 8.0 ], "rotation": 270 },
                "west": { "texture": "#0", "uv": [ 0.0, 7.0, 11.0, 8.0 ], "rotation": 90 },
                "up": { "texture": "#0", "uv": [ 5.0, 7.0, 6.0, 8.0 ] },
                "down": { "texture": "#0", "uv": [ 5.0, 7.0, 6.0, 8.0 ] }
            }
        }
    ]
}