{
    "__comment": "Model generated using MrCrayfish's Model Creator (http://mrcrayfish.com/modelcreator/)",
	"parent": "block/block",
    "textures": {
        "particle": "block/black_wool",
        "0": "block/black_wool",
        "1": "block/iron_block"
    },
    "elements": [
        {
            "name": "Bottom",
            "from": [ 3.5, -0.5, 4.5 ], 
            "to": [ 12.5, 0.5, 11.5 ], 
            "faces": {
                "north": { "texture": "#0", "uv": [ 0.0, 0.0, 9.0, 1.0 ] },
                "east": { "texture": "#0", "uv": [ 0.0, 0.0, 7.0, 1.0 ] },
                "south": { "texture": "#0", "uv": [ 0.0, 0.0, 9.0, 1.0 ] },
                "west": { "texture": "#0", "uv": [ 0.0, 0.0, 7.0, 1.0 ] },
                "up": { "texture": "#0", "uv": [ 0.0, 0.0, 9.0, 7.0 ] },
                "down": { "texture": "#0", "uv": [ 0.0, 0.0, 9.0, 7.0 ] }
            }
        },
        {
            "name": "Cube",
            "from": [ 3.0, 0.2, 3.0 ], 
            "to": [ 13.0, 3.0, 13.0 ], 
            "faces": {
                "north": { "texture": "#0", "uv": [ 0.0, 0.0, 10.0, 2.8 ] },
                "east": { "texture": "#0", "uv": [ 0.0, 0.0, 10.0, 2.8 ] },
                "south": { "texture": "#0", "uv": [ 0.0, 0.0, 10.0, 2.8 ] },
                "west": { "texture": "#0", "uv": [ 0.0, 0.0, 10.0, 2.8 ] },
                "up": { "texture": "#0", "uv": [ 0.0, 0.0, 10.0, 10.0 ] },
                "down": { "texture": "#0", "uv": [ 0.0, 0.0, 10.0, 10.0 ] }
            }
        },
        {
            "name": "Cube",
            "from": [ 3.0, 11.0, 3.0 ], 
            "to": [ 13.0, 13.8, 13.0 ], 
            "faces": {
                "north": { "texture": "#0", "uv": [ 0.0, 0.0, 10.0, 2.8 ] },
                "east": { "texture": "#0", "uv": [ 0.0, 0.0, 10.0, 2.8 ] },
                "south": { "texture": "#0", "uv": [ 0.0, 0.0, 10.0, 2.8 ] },
                "west": { "texture": "#0", "uv": [ 0.0, 0.0, 10.0, 2.8 ] },
                "up": { "texture": "#0", "uv": [ 0.0, 0.0, 10.0, 10.0 ] },
                "down": { "texture": "#0", "uv": [ 0.0, 0.0, 10.0, 10.0 ] }
            }
        },
        {
            "name": "Top",
            "from": [ 3.5, 13.5, 4.5 ], 
            "to": [ 12.5, 14.5, 11.5 ], 
            "faces": {
                "north": { "texture": "#0", "uv": [ 0.0, 0.0, 9.0, 1.0 ] },
                "east": { "texture": "#0", "uv": [ 0.0, 0.0, 7.0, 1.0 ] },
                "south": { "texture": "#0", "uv": [ 0.0, 0.0, 9.0, 1.0 ] },
                "west": { "texture": "#0", "uv": [ 0.0, 0.0, 7.0, 1.0 ] },
                "up": { "texture": "#0", "uv": [ 0.0, 0.0, 9.0, 7.0 ] },
                "down": { "texture": "#0", "uv": [ 0.0, 0.0, 9.0, 7.0 ] }
            }
        },
        {
            "name": "Side1",
            "from": [ 3.0, 2.0, 1.2000000000000002 ], 
            "to": [ 13.0, 12.0, 3.0 ], 
            "faces": {
                "north": { "texture": "#0", "uv": [ 0.0, 0.0, 10.0, 10.0 ] },
                "east": { "texture": "#0", "uv": [ 0.0, 0.0, 1.8, 10.0 ] },
                "south": { "texture": "#0", "uv": [ 0.0, 0.0, 10.0, 10.0 ] },
                "west": { "texture": "#0", "uv": [ 0.0, 0.0, 1.8, 10.0 ] },
                "up": { "texture": "#0", "uv": [ 0.0, 0.0, 10.0, 1.8 ] },
                "down": { "texture": "#0", "uv": [ 0.0, 0.0, 10.0, 1.8 ] }
            }
        },
        {
            "name": "Side2",
            "from": [ 3.0, 2.0, 13.0 ], 
            "to": [ 13.0, 12.0, 14.8 ], 
            "faces": {
                "north": { "texture": "#0", "uv": [ 0.0, 0.0, 10.0, 10.0 ] },
                "east": { "texture": "#0", "uv": [ 0.0, 0.0, 1.8, 10.0 ] },
                "south": { "texture": "#0", "uv": [ 0.0, 0.0, 10.0, 10.0 ] },
                "west": { "texture": "#0", "uv": [ 0.0, 0.0, 1.8, 10.0 ] },
                "up": { "texture": "#0", "uv": [ 0.0, 0.0, 10.0, 1.8 ] },
                "down": { "texture": "#0", "uv": [ 0.0, 0.0, 10.0, 1.8 ] }
            }
        },
        {
            "name": "Cube",
            "from": [ 3.5, 3.5, 0.5 ], 
            "to": [ 12.5, 10.5, 1.5 ], 
            "faces": {
                "north": { "texture": "#0", "uv": [ 0.0, 0.0, 9.0, 7.0 ] },
                "east": { "texture": "#0", "uv": [ 0.0, 0.0, 1.0, 7.0 ] },
                "south": { "texture": "#0", "uv": [ 0.0, 0.0, 9.0, 7.0 ] },
                "west": { "texture": "#0", "uv": [ 0.0, 0.0, 1.0, 7.0 ] },
                "up": { "texture": "#0", "uv": [ 0.0, 0.0, 9.0, 1.0 ] },
                "down": { "texture": "#0", "uv": [ 0.0, 0.0, 9.0, 1.0 ] }
            }
        },
        {
            "name": "Cube",
            "from": [ 3.5, 3.5, 14.5 ], 
            "to": [ 12.5, 10.5, 15.5 ], 
            "faces": {
                "north": { "texture": "#0", "uv": [ 0.0, 0.0, 9.0, 7.0 ] },
                "east": { "texture": "#0", "uv": [ 0.0, 0.0, 1.0, 7.0 ] },
                "south": { "texture": "#0", "uv": [ 0.0, 0.0, 9.0, 7.0 ] },
                "west": { "texture": "#0", "uv": [ 0.0, 0.0, 1.0, 7.0 ] },
                "up": { "texture": "#0", "uv": [ 0.0, 0.0, 9.0, 1.0 ] },
                "down": { "texture": "#0", "uv": [ 0.0, 0.0, 9.0, 1.0 ] }
            }
        },
        {
            "name": "InnerSide1",
            "from": [ 3.0, 3.0, 3.0 ], 
            "to": [ 13.0, 11.0, 4.0 ], 
            "faces": {
                "north": { "texture": "#0", "uv": [ 0.0, 0.0, 10.0, 8.0 ] },
                "east": { "texture": "#0", "uv": [ 0.0, 0.0, 1.0, 8.0 ] },
                "south": { "texture": "#0", "uv": [ 0.0, 0.0, 10.0, 8.0 ] },
                "west": { "texture": "#0", "uv": [ 0.0, 0.0, 1.0, 8.0 ] },
                "up": { "texture": "#0", "uv": [ 0.0, 0.0, 10.0, 1.0 ] },
                "down": { "texture": "#0", "uv": [ 0.0, 0.0, 10.0, 1.0 ] }
            }
        },
        {
            "name": "InnerSide2",
            "from": [ 3.0, 3.0, 12.0 ], 
            "to": [ 13.0, 11.0, 13.0 ], 
            "faces": {
                "north": { "texture": "#0", "uv": [ 0.0, 0.0, 10.0, 8.0 ] },
                "east": { "texture": "#0", "uv": [ 0.0, 0.0, 1.0, 8.0 ] },
                "south": { "texture": "#0", "uv": [ 0.0, 0.0, 10.0, 8.0 ] },
                "west": { "texture": "#0", "uv": [ 0.0, 0.0, 1.0, 8.0 ] },
                "up": { "texture": "#0", "uv": [ 0.0, 0.0, 10.0, 1.0 ] },
                "down": { "texture": "#0", "uv": [ 0.0, 0.0, 10.0, 1.0 ] }
            }
        },
        {
            "name": "Cube",
            "from": [ 3.5, 3.0, 11.0 ], 
            "to": [ 12.5, 4.0, 12.0 ], 
            "faces": {
                "north": { "texture": "#1", "uv": [ 0.0, 0.0, 9.0, 1.0 ] },
                "east": { "texture": "#1", "uv": [ 0.0, 0.0, 1.0, 1.0 ] },
                "south": { "texture": "#1", "uv": [ 0.0, 0.0, 9.0, 1.0 ] },
                "west": { "texture": "#1", "uv": [ 0.0, 0.0, 1.0, 1.0 ] },
                "up": { "texture": "#1", "uv": [ 0.0, 0.0, 9.0, 1.0 ] },
                "down": { "texture": "#1", "uv": [ 0.0, 0.0, 9.0, 1.0 ] }
            }
        },
        {
            "name": "Cube",
            "from": [ 3.5, 10.0, 11.0 ], 
            "to": [ 12.5, 11.0, 12.0 ], 
            "faces": {
                "north": { "texture": "#1", "uv": [ 0.0, 0.0, 9.0, 1.0 ] },
                "east": { "texture": "#1", "uv": [ 0.0, 0.0, 1.0, 1.0 ] },
                "south": { "texture": "#1", "uv": [ 0.0, 0.0, 9.0, 1.0 ] },
                "west": { "texture": "#1", "uv": [ 0.0, 0.0, 1.0, 1.0 ] },
                "up": { "texture": "#1", "uv": [ 0.0, 0.0, 9.0, 1.0 ] },
                "down": { "texture": "#1", "uv": [ 0.0, 0.0, 9.0, 1.0 ] }
            }
        },
        {
            "name": "Cube",
            "from": [ 3.5, 10.0, 4.0 ], 
            "to": [ 12.5, 11.0, 5.0 ], 
            "faces": {
                "north": { "texture": "#1", "uv": [ 0.0, 0.0, 9.0, 1.0 ] },
                "east": { "texture": "#1", "uv": [ 0.0, 0.0, 1.0, 1.0 ] },
                "south": { "texture": "#1", "uv": [ 0.0, 0.0, 9.0, 1.0 ] },
                "west": { "texture": "#1", "uv": [ 0.0, 0.0, 1.0, 1.0 ] },
                "up": { "texture": "#1", "uv": [ 0.0, 0.0, 9.0, 1.0 ] },
                "down": { "texture": "#1", "uv": [ 0.0, 0.0, 9.0, 1.0 ] }
            }
        },
        {
            "name": "Cube",
            "from": [ 3.5, 3.0, 4.0 ], 
            "to": [ 12.5, 4.0, 5.0 ], 
            "faces": {
                "north": { "texture": "#1", "uv": [ 0.0, 0.0, 9.0, 1.0 ] },
                "east": { "texture": "#1", "uv": [ 0.0, 0.0, 1.0, 1.0 ] },
                "south": { "texture": "#1", "uv": [ 0.0, 0.0, 9.0, 1.0 ] },
                "west": { "texture": "#1", "uv": [ 0.0, 0.0, 1.0, 1.0 ] },
                "up": { "texture": "#1", "uv": [ 0.0, 0.0, 9.0, 1.0 ] },
                "down": { "texture": "#1", "uv": [ 0.0, 0.0, 9.0, 1.0 ] }
            }
        },
        {
            "name": "Rim1",
            "from": [ 4.0, 4.0, 5.0 ], 
            "to": [ 12.0, 10.0, 6.0 ], 
            "faces": {
                "north": { "texture": "#1", "uv": [ 0.0, 0.0, 8.0, 6.0 ] },
                "east": { "texture": "#1", "uv": [ 0.0, 0.0, 1.0, 6.0 ] },
                "south": { "texture": "#1", "uv": [ 0.0, 0.0, 8.0, 6.0 ] },
                "west": { "texture": "#1", "uv": [ 0.0, 0.0, 1.0, 6.0 ] },
                "up": { "texture": "#1", "uv": [ 0.0, 0.0, 8.0, 1.0 ] },
                "down": { "texture": "#1", "uv": [ 0.0, 0.0, 8.0, 1.0 ] }
            }
        },
        {
            "name": "Rim2",
            "from": [ 4.0, 4.0, 10.0 ], 
            "to": [ 12.0, 10.0, 11.0 ], 
            "faces": {
                "north": { "texture": "#1", "uv": [ 0.0, 0.0, 8.0, 6.0 ] },
                "east": { "texture": "#1", "uv": [ 0.0, 0.0, 1.0, 6.0 ] },
                "south": { "texture": "#1", "uv": [ 0.0, 0.0, 8.0, 6.0 ] },
                "west": { "texture": "#1", "uv": [ 0.0, 0.0, 1.0, 6.0 ] },
                "up": { "texture": "#1", "uv": [ 0.0, 0.0, 8.0, 1.0 ] },
                "down": { "texture": "#1", "uv": [ 0.0, 0.0, 8.0, 1.0 ] }
            }
        },
        {
            "name": "Rim3",
            "from": [ 4.0, 4.0, 6.0 ], 
            "to": [ 12.0, 5.0, 10.0 ], 
            "faces": {
                "north": { "texture": "#1", "uv": [ 0.0, 0.0, 8.0, 1.0 ] },
                "east": { "texture": "#1", "uv": [ 0.0, 0.0, 4.0, 1.0 ] },
                "south": { "texture": "#1", "uv": [ 0.0, 0.0, 8.0, 1.0 ] },
                "west": { "texture": "#1", "uv": [ 0.0, 0.0, 4.0, 1.0 ] },
                "up": { "texture": "#1", "uv": [ 0.0, 0.0, 8.0, 4.0 ] },
                "down": { "texture": "#1", "uv": [ 0.0, 0.0, 8.0, 4.0 ] }
            }
        },
        {
            "name": "Rim4",
            "from": [ 4.0, 9.0, 6.0 ], 
            "to": [ 12.0, 10.0, 10.0 ], 
            "faces": {
                "north": { "texture": "#1", "uv": [ 0.0, 0.0, 8.0, 1.0 ] },
                "east": { "texture": "#1", "uv": [ 0.0, 0.0, 4.0, 1.0 ] },
                "south": { "texture": "#1", "uv": [ 0.0, 0.0, 8.0, 1.0 ] },
                "west": { "texture": "#1", "uv": [ 0.0, 0.0, 4.0, 1.0 ] },
                "up": { "texture": "#1", "uv": [ 0.0, 0.0, 8.0, 4.0 ] },
                "down": { "texture": "#1", "uv": [ 0.0, 0.0, 8.0, 4.0 ] }
            }
        },
        {
            "name": "Cube",
            "from": [ 4.0, 1.0, 2.0 ], 
            "to": [ 12.0, 2.0, 3.0 ], 
            "faces": {
                "north": { "texture": "#0", "uv": [ 0.0, 0.0, 8.0, 1.0 ] },
                "east": { "texture": "#0", "uv": [ 0.0, 0.0, 1.0, 1.0 ] },
                "south": { "texture": "#0", "uv": [ 0.0, 0.0, 8.0, 1.0 ] },
                "west": { "texture": "#0", "uv": [ 0.0, 0.0, 1.0, 1.0 ] },
                "up": { "texture": "#0", "uv": [ 0.0, 0.0, 8.0, 1.0 ] },
                "down": { "texture": "#0", "uv": [ 0.0, 0.0, 8.0, 1.0 ] }
            }
        },
        {
            "name": "Cube",
            "from": [ 4.0, 1.0, 13.0 ], 
            "to": [ 12.0, 2.0, 14.0 ], 
            "faces": {
                "north": { "texture": "#0", "uv": [ 0.0, 0.0, 8.0, 1.0 ] },
                "east": { "texture": "#0", "uv": [ 0.0, 0.0, 1.0, 1.0 ] },
                "south": { "texture": "#0", "uv": [ 0.0, 0.0, 8.0, 1.0 ] },
                "west": { "texture": "#0", "uv": [ 0.0, 0.0, 1.0, 1.0 ] },
                "up": { "texture": "#0", "uv": [ 0.0, 0.0, 8.0, 1.0 ] },
                "down": { "texture": "#0", "uv": [ 0.0, 0.0, 8.0, 1.0 ] }
            }
        },
        {
            "name": "Cube",
            "from": [ 4.0, 12.0, 13.0 ], 
            "to": [ 12.0, 13.0, 14.0 ], 
            "faces": {
                "north": { "texture": "#0", "uv": [ 0.0, 0.0, 8.0, 1.0 ] },
                "east": { "texture": "#0", "uv": [ 0.0, 0.0, 1.0, 1.0 ] },
                "south": { "texture": "#0", "uv": [ 0.0, 0.0, 8.0, 1.0 ] },
                "west": { "texture": "#0", "uv": [ 0.0, 0.0, 1.0, 1.0 ] },
                "up": { "texture": "#0", "uv": [ 0.0, 0.0, 8.0, 1.0 ] },
                "down": { "texture": "#0", "uv": [ 0.0, 0.0, 8.0, 1.0 ] }
            }
        },
        {
            "name": "Cube",
            "from": [ 4.0, 12.0, 2.0 ], 
            "to": [ 12.0, 13.0, 3.0 ], 
            "faces": {
                "north": { "texture": "#0", "uv": [ 0.0, 0.0, 8.0, 1.0 ] },
                "east": { "texture": "#0", "uv": [ 0.0, 0.0, 1.0, 1.0 ] },
                "south": { "texture": "#0", "uv": [ 0.0, 0.0, 8.0, 1.0 ] },
                "west": { "texture": "#0", "uv": [ 0.0, 0.0, 1.0, 1.0 ] },
                "up": { "texture": "#0", "uv": [ 0.0, 0.0, 8.0, 1.0 ] },
                "down": { "texture": "#0", "uv": [ 0.0, 0.0, 8.0, 1.0 ] }
            }
        },
        {
            "name": "Cube",
            "from": [ 3.0, 5.5, 6.5 ], 
            "to": [ 16.0, 8.5, 9.5 ], 
            "rotation": { "origin": [ 8.0, 7.0, 8.0 ], "axis": "x", "angle": 45.0 },
            "faces": {
                "north": { "texture": "#1", "uv": [ 0.0, 0.0, 13.0, 3.0 ] },
                "east": { "texture": "#1", "uv": [ 0.0, 0.0, 3.0, 3.0 ] },
                "south": { "texture": "#1", "uv": [ 0.0, 0.0, 13.0, 3.0 ] },
                "west": { "texture": "#1", "uv": [ 0.0, 0.0, 3.0, 3.0 ] },
                "up": { "texture": "#1", "uv": [ 0.0, 0.0, 13.0, 3.0 ] },
                "down": { "texture": "#1", "uv": [ 0.0, 0.0, 13.0, 3.0 ] }
            }
        }
    ]
}