{
    "__comment": "Model generated using MrCrayfish's Model Creator (http://mrcrayfish.com/modelcreator/)",
	"parent": "block/block",
	"textures": {
        "particle": "block/black_wool",
        "0": "block/black_wool",
        "1": "block/iron_block"
    },
    "elements": [
        {
            "name": "Bottom",
            "from": [ 1.5, 0.0, 4.5 ], 
            "to": [ 13.5, 1.0, 11.5 ], 
            "faces": {
                "north": { "texture": "#0", "uv": [ 0.0, 0.0, 9.0, 1.0 ] },
                "east": { "texture": "#0", "uv": [ 0.0, 0.0, 7.0, 1.0 ] },
                "south": { "texture": "#0", "uv": [ 0.0, 0.0, 9.0, 1.0 ] },
                "west": { "texture": "#0", "uv": [ 0.0, 0.0, 7.0, 1.0 ] },
                "up": { "texture": "#0", "uv": [ 0.0, 0.0, 9.0, 7.0 ] },
                "down": { "texture": "#0", "uv": [ 0.0, 0.0, 9.0, 7.0 ] }
            }
        },
        {
            "name": "Cube",
            "from": [ 1.0, 1.0, 3.0 ], 
            "to": [ 14.0, 4.0, 13.0 ], 
            "faces": {
                "north": { "texture": "#0", "uv": [ 0.0, 0.0, 10.0, 2.8 ] },
                "east": { "texture": "#0", "uv": [ 0.0, 0.0, 10.0, 2.8 ] },
                "south": { "texture": "#0", "uv": [ 0.0, 0.0, 10.0, 2.8 ] },
                "west": { "texture": "#0", "uv": [ 0.0, 0.0, 10.0, 2.8 ] },
                "up": { "texture": "#0", "uv": [ 0.0, 0.0, 10.0, 10.0 ] },
                "down": { "texture": "#0", "uv": [ 0.0, 0.0, 10.0, 10.0 ] }
            }
        },
        {
            "name": "Cube",
            "from": [ 1.0, 12.0, 3.0 ], 
            "to": [ 14.0, 15.0, 13.0 ], 
            "faces": {
                "north": { "texture": "#0", "uv": [ 0.0, 0.0, 10.0, 2.8 ] },
                "east": { "texture": "#0", "uv": [ 0.0, 0.0, 10.0, 2.8 ] },
                "south": { "texture": "#0", "uv": [ 0.0, 0.0, 10.0, 2.8 ] },
                "west": { "texture": "#0", "uv": [ 0.0, 0.0, 10.0, 2.8 ] },
                "up": { "texture": "#0", "uv": [ 0.0, 0.0, 10.0, 10.0 ] },
                "down": { "texture": "#0", "uv": [ 0.0, 0.0, 10.0, 10.0 ] }
            }
        },
        {
            "name": "Top",
            "from": [ 1.5, 14.9, 4.5 ], 
            "to": [ 13.5, 15.9, 11.5 ], 
            "faces": {
                "north": { "texture": "#0", "uv": [ 0.0, 0.0, 9.0, 1.0 ] },
                "east": { "texture": "#0", "uv": [ 0.0, 0.0, 7.0, 1.0 ] },
                "south": { "texture": "#0", "uv": [ 0.0, 0.0, 9.0, 1.0 ] },
                "west": { "texture": "#0", "uv": [ 0.0, 0.0, 7.0, 1.0 ] },
                "up": { "texture": "#0", "uv": [ 0.0, 0.0, 9.0, 7.0 ] },
                "down": { "texture": "#0", "uv": [ 0.0, 0.0, 9.0, 7.0 ] }
            }
        },
        {
            "name": "Side1",
            "from": [ 1.0, 3.0, 1.0 ], 
            "to": [ 14.0, 13.0, 3.0 ], 
            "faces": {
                "north": { "texture": "#0", "uv": [ 0.0, 0.0, 10.0, 10.0 ] },
                "east": { "texture": "#0", "uv": [ 0.0, 0.0, 1.8, 10.0 ] },
                "south": { "texture": "#0", "uv": [ 0.0, 0.0, 10.0, 10.0 ] },
                "west": { "texture": "#0", "uv": [ 0.0, 0.0, 1.8, 10.0 ] },
                "up": { "texture": "#0", "uv": [ 0.0, 0.0, 10.0, 1.8 ] },
                "down": { "texture": "#0", "uv": [ 0.0, 0.0, 10.0, 1.8 ] }
            }
        },
        {
            "name": "Side2",
            "from": [ 1.0, 3.0, 13.0 ], 
            "to": [ 14.0, 13.0, 15.0 ], 
            "faces": {
                "north": { "texture": "#0", "uv": [ 0.0, 0.0, 10.0, 10.0 ] },
                "east": { "texture": "#0", "uv": [ 0.0, 0.0, 1.8, 10.0 ] },
                "south": { "texture": "#0", "uv": [ 0.0, 0.0, 10.0, 10.0 ] },
                "west": { "texture": "#0", "uv": [ 0.0, 0.0, 1.8, 10.0 ] },
                "up": { "texture": "#0", "uv": [ 0.0, 0.0, 10.0, 1.8 ] },
                "down": { "texture": "#0", "uv": [ 0.0, 0.0, 10.0, 1.8 ] }
            }
        },
        {
            "name": "Cube",
            "from": [ 1.5, 4.5, 0.1 ], 
            "to": [ 13.5, 11.5, 1.1 ], 
            "faces": {
                "north": { "texture": "#0", "uv": [ 0.0, 0.0, 9.0, 7.0 ] },
                "east": { "texture": "#0", "uv": [ 0.0, 0.0, 1.0, 7.0 ] },
                "south": { "texture": "#0", "uv": [ 0.0, 0.0, 9.0, 7.0 ] },
                "west": { "texture": "#0", "uv": [ 0.0, 0.0, 1.0, 7.0 ] },
                "up": { "texture": "#0", "uv": [ 0.0, 0.0, 9.0, 1.0 ] },
                "down": { "texture": "#0", "uv": [ 0.0, 0.0, 9.0, 1.0 ] }
            }
        },
        {
            "name": "Cube",
            "from": [ 1.5, 4.5, 14.9 ], 
            "to": [ 13.5, 11.5, 15.9 ], 
            "faces": {
                "north": { "texture": "#0", "uv": [ 0.0, 0.0, 9.0, 7.0 ] },
                "east": { "texture": "#0", "uv": [ 0.0, 0.0, 1.0, 7.0 ] },
                "south": { "texture": "#0", "uv": [ 0.0, 0.0, 9.0, 7.0 ] },
                "west": { "texture": "#0", "uv": [ 0.0, 0.0, 1.0, 7.0 ] },
                "up": { "texture": "#0", "uv": [ 0.0, 0.0, 9.0, 1.0 ] },
                "down": { "texture": "#0", "uv": [ 0.0, 0.0, 9.0, 1.0 ] }
            }
        },
        {
            "name": "InnerSide1",
            "from": [ 1.0, 4.0, 3.0 ], 
            "to": [ 14.0, 12.0, 4.0 ], 
            "faces": {
                "north": { "texture": "#0", "uv": [ 0.0, 0.0, 10.0, 8.0 ] },
                "east": { "texture": "#0", "uv": [ 0.0, 0.0, 1.0, 8.0 ] },
                "south": { "texture": "#0", "uv": [ 0.0, 0.0, 10.0, 8.0 ] },
                "west": { "texture": "#0", "uv": [ 0.0, 0.0, 1.0, 8.0 ] },
                "up": { "texture": "#0", "uv": [ 0.0, 0.0, 10.0, 1.0 ] },
                "down": { "texture": "#0", "uv": [ 0.0, 0.0, 10.0, 1.0 ] }
            }
        },
        {
            "name": "InnerSide2",
            "from": [ 1.0, 4.0, 12.0 ], 
            "to": [ 14.0, 12.0, 13.0 ], 
            "faces": {
                "north": { "texture": "#0", "uv": [ 0.0, 0.0, 10.0, 8.0 ] },
                "east": { "texture": "#0", "uv": [ 0.0, 0.0, 1.0, 8.0 ] },
                "south": { "texture": "#0", "uv": [ 0.0, 0.0, 10.0, 8.0 ] },
                "west": { "texture": "#0", "uv": [ 0.0, 0.0, 1.0, 8.0 ] },
                "up": { "texture": "#0", "uv": [ 0.0, 0.0, 10.0, 1.0 ] },
                "down": { "texture": "#0", "uv": [ 0.0, 0.0, 10.0, 1.0 ] }
            }
        },
        {
            "name": "Cube",
            "from": [ 1.5, 4.0, 11.0 ], 
            "to": [ 13.5, 5.0, 12.0 ], 
            "faces": {
                "north": { "texture": "#0", "uv": [ 0.0, 0.0, 9.0, 1.0 ] },
                "east": { "texture": "#0", "uv": [ 0.0, 0.0, 1.0, 1.0 ] },
                "south": { "texture": "#0", "uv": [ 0.0, 0.0, 9.0, 1.0 ] },
                "west": { "texture": "#0", "uv": [ 0.0, 0.0, 1.0, 1.0 ] },
                "up": { "texture": "#0", "uv": [ 0.0, 0.0, 9.0, 1.0 ] },
                "down": { "texture": "#0", "uv": [ 0.0, 0.0, 9.0, 1.0 ] }
            }
        },
        {
            "name": "Cube",
            "from": [ 1.5, 11.0, 11.0 ], 
            "to": [ 13.5, 12.0, 12.0 ], 
            "faces": {
                "north": { "texture": "#0", "uv": [ 0.0, 0.0, 9.0, 1.0 ] },
                "east": { "texture": "#0", "uv": [ 0.0, 0.0, 1.0, 1.0 ] },
                "south": { "texture": "#0", "uv": [ 0.0, 0.0, 9.0, 1.0 ] },
                "west": { "texture": "#0", "uv": [ 0.0, 0.0, 1.0, 1.0 ] },
                "up": { "texture": "#0", "uv": [ 0.0, 0.0, 9.0, 1.0 ] },
                "down": { "texture": "#0", "uv": [ 0.0, 0.0, 9.0, 1.0 ] }
            }
        },
        {
            "name": "Cube",
            "from": [ 1.5, 11.0, 4.0 ], 
            "to": [ 13.5, 12.0, 5.0 ], 
            "faces": {
                "north": { "texture": "#0", "uv": [ 0.0, 0.0, 9.0, 1.0 ] },
                "east": { "texture": "#0", "uv": [ 0.0, 0.0, 1.0, 1.0 ] },
                "south": { "texture": "#0", "uv": [ 0.0, 0.0, 9.0, 1.0 ] },
                "west": { "texture": "#0", "uv": [ 0.0, 0.0, 1.0, 1.0 ] },
                "up": { "texture": "#0", "uv": [ 0.0, 0.0, 9.0, 1.0 ] },
                "down": { "texture": "#0", "uv": [ 0.0, 0.0, 9.0, 1.0 ] }
            }
        },
        {
            "name": "Cube",
            "from": [ 1.5, 4.0, 4.0 ], 
            "to": [ 13.5, 5.0, 5.0 ], 
            "faces": {
                "north": { "texture": "#0", "uv": [ 0.0, 0.0, 9.0, 1.0 ] },
                "east": { "texture": "#0", "uv": [ 0.0, 0.0, 1.0, 1.0 ] },
                "south": { "texture": "#0", "uv": [ 0.0, 0.0, 9.0, 1.0 ] },
                "west": { "texture": "#0", "uv": [ 0.0, 0.0, 1.0, 1.0 ] },
                "up": { "texture": "#0", "uv": [ 0.0, 0.0, 9.0, 1.0 ] },
                "down": { "texture": "#0", "uv": [ 0.0, 0.0, 9.0, 1.0 ] }
            }
        },
        {
            "name": "Rim1",
            "from": [ 2.5, 5.0, 4.0 ], 
            "to": [ 12.5, 11.0, 5.0 ], 
            "faces": {
                "north": { "texture": "#1", "uv": [ 0.0, 0.0, 8.0, 6.0 ] },
                "east": { "texture": "#1", "uv": [ 0.0, 0.0, 1.0, 6.0 ] },
                "south": { "texture": "#1", "uv": [ 0.0, 0.0, 8.0, 6.0 ] },
                "west": { "texture": "#1", "uv": [ 0.0, 0.0, 1.0, 6.0 ] },
                "up": { "texture": "#1", "uv": [ 0.0, 0.0, 8.0, 1.0 ] },
                "down": { "texture": "#1", "uv": [ 0.0, 0.0, 8.0, 1.0 ] }
            }
        },
        {
            "name": "Rim2",
            "from": [ 2.5, 5.0, 11.0 ], 
            "to": [ 12.5, 11.0, 12.0 ], 
            "faces": {
                "north": { "texture": "#1", "uv": [ 0.0, 0.0, 8.0, 6.0 ] },
                "east": { "texture": "#1", "uv": [ 0.0, 0.0, 1.0, 6.0 ] },
                "south": { "texture": "#1", "uv": [ 0.0, 0.0, 8.0, 6.0 ] },
                "west": { "texture": "#1", "uv": [ 0.0, 0.0, 1.0, 6.0 ] },
                "up": { "texture": "#1", "uv": [ 0.0, 0.0, 8.0, 1.0 ] },
                "down": { "texture": "#1", "uv": [ 0.0, 0.0, 8.0, 1.0 ] }
            }
        },
        {
            "name": "Rim3",
            "from": [ 2.5, 4.0, 5.0 ], 
            "to": [ 12.5, 5.0, 11.0 ], 
            "faces": {
                "north": { "texture": "#1", "uv": [ 0.0, 0.0, 8.0, 1.0 ] },
                "east": { "texture": "#1", "uv": [ 0.0, 0.0, 4.0, 1.0 ] },
                "south": { "texture": "#1", "uv": [ 0.0, 0.0, 8.0, 1.0 ] },
                "west": { "texture": "#1", "uv": [ 0.0, 0.0, 4.0, 1.0 ] },
                "up": { "texture": "#1", "uv": [ 0.0, 0.0, 8.0, 4.0 ] },
                "down": { "texture": "#1", "uv": [ 0.0, 0.0, 8.0, 4.0 ] }
            }
        },
        {
            "name": "Rim4",
            "from": [ 2.5, 11.0, 5.0 ], 
            "to": [ 12.5, 12.0, 11.0 ], 
            "faces": {
                "north": { "texture": "#1", "uv": [ 0.0, 0.0, 8.0, 1.0 ] },
                "east": { "texture": "#1", "uv": [ 0.0, 0.0, 4.0, 1.0 ] },
                "south": { "texture": "#1", "uv": [ 0.0, 0.0, 8.0, 1.0 ] },
                "west": { "texture": "#1", "uv": [ 0.0, 0.0, 4.0, 1.0 ] },
                "up": { "texture": "#1", "uv": [ 0.0, 0.0, 8.0, 4.0 ] },
                "down": { "texture": "#1", "uv": [ 0.0, 0.0, 8.0, 4.0 ] }
            }
        },
        {
            "name": "Cube",
            "from": [ 2.0, 2.0, 2.0 ], 
            "to": [ 13.0, 3.0, 3.0 ], 
            "faces": {
                "north": { "texture": "#0", "uv": [ 0.0, 0.0, 8.0, 1.0 ] },
                "east": { "texture": "#0", "uv": [ 0.0, 0.0, 1.0, 1.0 ] },
                "south": { "texture": "#0", "uv": [ 0.0, 0.0, 8.0, 1.0 ] },
                "west": { "texture": "#0", "uv": [ 0.0, 0.0, 1.0, 1.0 ] },
                "up": { "texture": "#0", "uv": [ 0.0, 0.0, 8.0, 1.0 ] },
                "down": { "texture": "#0", "uv": [ 0.0, 0.0, 8.0, 1.0 ] }
            }
        },
        {
            "name": "Cube",
            "from": [ 2.0, 2.0, 13.0 ], 
            "to": [ 13.0, 3.0, 14.0 ], 
            "faces": {
                "north": { "texture": "#0", "uv": [ 0.0, 0.0, 8.0, 1.0 ] },
                "east": { "texture": "#0", "uv": [ 0.0, 0.0, 1.0, 1.0 ] },
                "south": { "texture": "#0", "uv": [ 0.0, 0.0, 8.0, 1.0 ] },
                "west": { "texture": "#0", "uv": [ 0.0, 0.0, 1.0, 1.0 ] },
                "up": { "texture": "#0", "uv": [ 0.0, 0.0, 8.0, 1.0 ] },
                "down": { "texture": "#0", "uv": [ 0.0, 0.0, 8.0, 1.0 ] }
            }
        },
        {
            "name": "Cube",
            "from": [ 2.0, 13.0, 13.0 ], 
            "to": [ 13.0, 14.0, 14.0 ], 
            "faces": {
                "north": { "texture": "#0", "uv": [ 0.0, 0.0, 8.0, 1.0 ] },
                "east": { "texture": "#0", "uv": [ 0.0, 0.0, 1.0, 1.0 ] },
                "south": { "texture": "#0", "uv": [ 0.0, 0.0, 8.0, 1.0 ] },
                "west": { "texture": "#0", "uv": [ 0.0, 0.0, 1.0, 1.0 ] },
                "up": { "texture": "#0", "uv": [ 0.0, 0.0, 8.0, 1.0 ] },
                "down": { "texture": "#0", "uv": [ 0.0, 0.0, 8.0, 1.0 ] }
            }
        },
        {
            "name": "Cube",
            "from": [ 2.0, 13.0, 2.0 ], 
            "to": [ 13.0, 14.0, 3.0 ], 
            "faces": {
                "north": { "texture": "#0", "uv": [ 0.0, 0.0, 8.0, 1.0 ] },
                "east": { "texture": "#0", "uv": [ 0.0, 0.0, 1.0, 1.0 ] },
                "south": { "texture": "#0", "uv": [ 0.0, 0.0, 8.0, 1.0 ] },
                "west": { "texture": "#0", "uv": [ 0.0, 0.0, 1.0, 1.0 ] },
                "up": { "texture": "#0", "uv": [ 0.0, 0.0, 8.0, 1.0 ] },
                "down": { "texture": "#0", "uv": [ 0.0, 0.0, 8.0, 1.0 ] }
            }
        },
        {
            "name": "Cube",
            "from": [ 1.0, 5.5, 5.5 ], 
            "to": [ 16.0, 10.5, 10.5 ], 
            "rotation": { "origin": [ 17.0, 8.0, 8.0 ], "axis": "x", "angle": 45.0 },
            "faces": {
                "north": { "texture": "#1", "uv": [ 0.0, 0.0, 15.0, 5.0 ] },
                "east": { "texture": "#1", "uv": [ 0.0, 0.0, 5.0, 5.0 ] },
                "south": { "texture": "#1", "uv": [ 0.0, 0.0, 15.0, 5.0 ] },
                "west": { "texture": "#1", "uv": [ 0.0, 0.0, 5.0, 5.0 ] },
                "up": { "texture": "#1", "uv": [ 0.0, 0.0, 15.0, 5.0 ] },
                "down": { "texture": "#1", "uv": [ 0.0, 0.0, 15.0, 5.0 ] }
            }
        }
    ]
}