{
	"credit": "Made with Blockbench",
	"textures": {
		"1": "block/polished_andesite",
		"2": "block/polished_diorite",
		"particle": "block/polished_diorite"
	},
	"elements": [
		{
			"name": "Foot",
			"from": [3, 0, 6],
			"to": [5, 15, 7],
			"faces": {
				"north": {"uv": [4, 1, 6, 16], "texture": "#1"},
				"east": {"uv": [5, 0, 6, 15], "texture": "#1"},
				"south": {"uv": [10, 1, 12, 16], "texture": "#1"},
				"west": {"uv": [0, 0, 1, 15], "texture": "#1"},
				"up": {"uv": [3, 2, 5, 3], "texture": "#1"},
				"down": {"uv": [0, 0, 2, 1], "texture": "#1"}
			}
		},
		{
			"name": "Foot",
			"from": [3.5, 0, 7],
			"to": [4.5, 15, 9],
			"faces": {
				"north": {"uv": [4, 1, 6, 16], "texture": "#1"},
				"east": {"uv": [14, 0, 16, 15], "rotation": 180, "texture": "#1"},
				"south": {"uv": [10, 1, 12, 16], "texture": "#1"},
				"west": {"uv": [0, 0, 2, 15], "texture": "#1"},
				"up": {"uv": [3, 2, 5, 3], "texture": "#1"},
				"down": {"uv": [0, 0, 1, 2], "texture": "#1"}
			}
		},
		{
			"name": "Foot",
			"from": [3, 0, 9],
			"to": [5, 15, 10],
			"faces": {
				"north": {"uv": [4, 1, 6, 16], "texture": "#1"},
				"east": {"uv": [5, 0, 6, 15], "texture": "#1"},
				"south": {"uv": [10, 1, 12, 16], "texture": "#1"},
				"west": {"uv": [0, 0, 1, 15], "texture": "#1"},
				"up": {"uv": [3, 2, 5, 3], "texture": "#1"},
				"down": {"uv": [0, 0, 2, 1], "texture": "#1"}
			}
		},
		{
			"name": "Foot",
			"from": [11, 0, 6],
			"to": [13, 15, 7],
			"faces": {
				"north": {"uv": [4, 1, 6, 16], "texture": "#1"},
				"east": {"uv": [5, 0, 6, 15], "texture": "#1"},
				"south": {"uv": [10, 1, 12, 16], "texture": "#1"},
				"west": {"uv": [0, 0, 1, 15], "texture": "#1"},
				"up": {"uv": [3, 2, 5, 3], "texture": "#1"},
				"down": {"uv": [0, 0, 2, 1], "texture": "#1"}
			}
		},
		{
			"name": "Foot",
			"from": [11, 0, 9],
			"to": [13, 15, 10],
			"faces": {
				"north": {"uv": [4, 1, 6, 16], "texture": "#1"},
				"east": {"uv": [5, 0, 6, 15], "texture": "#1"},
				"south": {"uv": [10, 1, 12, 16], "texture": "#1"},
				"west": {"uv": [0, 0, 1, 15], "texture": "#1"},
				"up": {"uv": [3, 2, 5, 3], "texture": "#1"},
				"down": {"uv": [0, 0, 2, 1], "texture": "#1"}
			}
		},
		{
			"name": "Foot",
			"from": [11.5, 0, 7],
			"to": [12.5, 15, 9],
			"faces": {
				"north": {"uv": [4, 1, 6, 16], "texture": "#1"},
				"east": {"uv": [14, 0, 16, 15], "rotation": 180, "texture": "#1"},
				"south": {"uv": [10, 1, 12, 16], "texture": "#1"},
				"west": {"uv": [0, 0, 2, 15], "texture": "#1"},
				"up": {"uv": [3, 2, 5, 3], "texture": "#1"},
				"down": {"uv": [0, 0, 1, 2], "texture": "#1"}
			}
		},
		{
			"name": "rail",
			"from": [0, 13.92346, 4.18478],
			"to": [16, 13.92346, 6.18478],
			"rotation": {"angle": -22.5, "axis": "x", "origin": [8, 14, 4]},
			"faces": {
				"north": {"uv": [0, 13, 16, 16], "rotation": 180, "texture": "#2"},
				"east": {"uv": [0, 0, 0, 2], "rotation": 270, "texture": "#2"},
				"south": {"uv": [0, 0, 16, 0], "texture": "#2"},
				"west": {"uv": [0, 0, 0, 2], "rotation": 90, "texture": "#2"},
				"up": {"uv": [0, 10, 16, 12], "rotation": 180, "texture": "#2"},
				"down": {"uv": [0, 4, 16, 6], "texture": "#2"}
			}
		},
		{
			"name": "rail",
			"from": [0, 8.38019, 1.88868],
			"to": [16, 8.38019, 3.88868],
			"rotation": {"angle": -22.5, "axis": "x", "origin": [8, 14, 4]},
			"faces": {
				"north": {"uv": [0, 13, 16, 16], "rotation": 180, "texture": "#2"},
				"east": {"uv": [0, 0, 0, 2], "rotation": 270, "texture": "#2"},
				"south": {"uv": [0, 0, 16, 0], "texture": "#2"},
				"west": {"uv": [0, 0, 0, 2], "rotation": 90, "texture": "#2"},
				"up": {"uv": [0, 10, 16, 12], "rotation": 180, "texture": "#2"},
				"down": {"uv": [0, 4, 16, 6], "texture": "#2"}
			}
		},
		{
			"name": "rail",
			"from": [0, 11.07654, 4.18478],
			"to": [16, 11.07654, 6.18478],
			"rotation": {"angle": 22.5, "axis": "x", "origin": [8, 11, 4]},
			"faces": {
				"north": {"uv": [0, 13, 16, 16], "rotation": 180, "texture": "#2"},
				"east": {"uv": [0, 0, 0, 2], "rotation": 270, "texture": "#2"},
				"south": {"uv": [0, 0, 16, 0], "texture": "#2"},
				"west": {"uv": [0, 0, 0, 2], "rotation": 90, "texture": "#2"},
				"up": {"uv": [0, 10, 16, 12], "rotation": 180, "texture": "#2"},
				"down": {"uv": [0, 4, 16, 6], "texture": "#2"}
			}
		},
		{
			"name": "rail",
			"from": [0, 5.53326, 6.48088],
			"to": [16, 5.53326, 8.48088],
			"rotation": {"angle": 22.5, "axis": "x", "origin": [8, 11, 4]},
			"faces": {
				"north": {"uv": [0, 13, 16, 16], "rotation": 180, "texture": "#2"},
				"east": {"uv": [0, 0, 0, 2], "rotation": 270, "texture": "#2"},
				"south": {"uv": [0, 0, 16, 0], "texture": "#2"},
				"west": {"uv": [0, 0, 0, 2], "rotation": 90, "texture": "#2"},
				"up": {"uv": [0, 10, 16, 12], "rotation": 180, "texture": "#2"},
				"down": {"uv": [0, 4, 16, 6], "texture": "#2"}
			}
		},
		{
			"name": "rail",
			"from": [0, 11, 4.2],
			"to": [16, 14, 4.2],
			"rotation": {"angle": 0, "axis": "x", "origin": [8, 13, 5]},
			"faces": {
				"north": {"uv": [0, 13, 16, 16], "rotation": 180, "texture": "#2"},
				"east": {"uv": [0, 0, 0, 3], "rotation": 180, "texture": "#2"},
				"south": {"uv": [0, 0, 16, 3], "rotation": 180, "texture": "#2"},
				"west": {"uv": [0, 0, 0, 3], "rotation": 180, "texture": "#2"},
				"up": {"uv": [0, 10, 16, 12], "texture": "#2"},
				"down": {"uv": [0, 4, 16, 6], "texture": "#2"}
			}
		},
		{
			"name": "rail",
			"from": [0, 5, 4.2],
			"to": [16, 8, 4.2],
			"rotation": {"angle": 0, "axis": "x", "origin": [8, 13, 5]},
			"faces": {
				"north": {"uv": [0, 13, 16, 16], "rotation": 180, "texture": "#2"},
				"east": {"uv": [0, 0, 0, 3], "rotation": 180, "texture": "#2"},
				"south": {"uv": [0, 0, 16, 3], "rotation": 180, "texture": "#2"},
				"west": {"uv": [0, 0, 0, 3], "rotation": 180, "texture": "#2"},
				"up": {"uv": [0, 10, 16, 12], "texture": "#2"},
				"down": {"uv": [0, 4, 16, 6], "texture": "#2"}
			}
		}
	],
	"display": {
		"thirdperson_righthand": {
			"scale": [0.49, 0.49, 0.49]
		},
		"thirdperson_lefthand": {
			"scale": [0.49, 0.49, 0.49]
		},
		"firstperson_righthand": {
			"rotation": [0, -150, 0],
			"scale": [0.46, 0.46, 0.46]
		},
		"firstperson_lefthand": {
			"rotation": [0, 120, 0],
			"scale": [0.46, 0.46, 0.46]
		},
		"ground": {
			"rotation": [36, 0, 0],
			"scale": [0.55, 0.55, 0.55]
		},
		"gui": {
			"rotation": [25, -130, 0],
			"translation": [-1, 0, 0],
			"scale": [0.87, 0.87, 0.87]
		}
	},
	"groups": [
		{
			"name": "1",
			"origin": [8, 8, 8],
			"children": [0, 1, 2]
		},
		{
			"name": "2",
			"origin": [8, 8, 8],
			"children": [3, 4, 5]
		}, 6, 7, 8, 9, 10, 11]
}