{
	"credit": "Made with Blockbench",
	"textures": {
		"0": "block/polished_granite",
		"particle": "block/polished_granite"
	},
	"elements": [
		{
			"from": [-16, -16, 4],
			"to": [32, 32, 12],
			"faces": {
				"north": {"uv": [0, 0, 16, 16], "texture": "#0"},
				"east": {"uv": [0, 0, 3, 16], "texture": "#0"},
				"south": {"uv": [0, 0, 16, 16], "texture": "#0"},
				"west": {"uv": [0, 0, 3, 16], "texture": "#0"},
				"up": {"uv": [0, 0, 3, 16], "rotation": 90, "texture": "#0"},
				"down": {"uv": [0, 0, 3, 16], "rotation": 90, "texture": "#0"}
			}
		},
		{
			"from": [-16, -16, 4.2],
			"to": [32, 32, 11.8],
			"rotation": {"angle": 45, "axis": "z", "origin": [8, 8, 8]},
			"faces": {
				"north": {"uv": [0, 0, 16, 16], "texture": "#0"},
				"east": {"uv": [13, 0, 16, 16], "texture": "#0"},
				"south": {"uv": [0, 0, 16, 16], "texture": "#0"},
				"west": {"uv": [13, 0, 16, 16], "texture": "#0"},
				"up": {"uv": [13, 0, 16, 16], "rotation": 90, "texture": "#0"},
				"down": {"uv": [13, 0, 16, 16], "rotation": 90, "texture": "#0"}
			}
		}
	],
	"display": {
		"thirdperson_righthand": {
			"scale": [0.21, 0.21, 0.21]
		},
		"thirdperson_lefthand": {
			"scale": [0.21, 0.21, 0.21]
		},
		"firstperson_righthand": {
			"scale": [0.14, 0.14, 0.14]
		},
		"firstperson_lefthand": {
			"scale": [0.11, 0.11, 0.11]
		},
		"ground": {
			"rotation": [-57, 0, 0],
			"scale": [0.28, 0.28, 0.28]
		},
		"gui": {
			"rotation": [22, -35, 0],
			"scale": [0.25, 0.25, 0.25]
		},
		"head": {
			"rotation": [100, 0, 0],
			"translation": [0, 80, 0],
			"scale": [15, 15, 15]
		},
		"fixed": {
			"scale": [2.7, 2.7, 2.7]
		}
	}
}