{
	"credit": "Made with Blockbench",
	"parent": "block/block",
	"textures": {
		"0": "block/custom_model_textures/bookshelf/base",
		"particle": "block/custom_model_textures/bookshelf/base",
		"1_0": "block/custom_model_textures/bookshelf/book"
	},
	"elements": [
		{
			"name": "corner1",
			"from": [0, 1, 0],
			"to": [1, 15, 1],
			"faces": {
				"north": {"uv": [6, 1, 7, 15], "texture": "#0"},
				"east": {"uv": [11, 1, 12, 15], "texture": "#0"},
				"south": {"uv": [11, 1, 12, 15], "texture": "#0"},
				"west": {"uv": [2, 1, 3, 15], "texture": "#0"},
				"up": {"uv": [0, 8, 1, 9], "rotation": 90, "texture": "#0"},
				"down": {"uv": [0, 15, 1, 16], "rotation": 90, "texture": "#0"}
			}
		},
		{
			"name": "corner2",
			"from": [0, 1, 15],
			"to": [1, 15, 16],
			"faces": {
				"north": {"uv": [6, 1, 7, 15], "texture": "#0"},
				"east": {"uv": [11, 1, 12, 15], "texture": "#0"},
				"south": {"uv": [11, 1, 12, 15], "texture": "#0"},
				"west": {"uv": [2, 1, 3, 15], "texture": "#0"},
				"up": {"uv": [0, 8, 1, 9], "rotation": 90, "texture": "#0"},
				"down": {"uv": [0, 15, 1, 16], "rotation": 90, "texture": "#0"}
			}
		},
		{
			"name": "corner3",
			"from": [15, 1, 15],
			"to": [16, 15, 16],
			"faces": {
				"north": {"uv": [6, 1, 7, 15], "texture": "#0"},
				"east": {"uv": [11, 1, 12, 15], "texture": "#0"},
				"south": {"uv": [11, 1, 12, 15], "texture": "#0"},
				"west": {"uv": [2, 1, 3, 15], "texture": "#0"},
				"up": {"uv": [0, 8, 1, 9], "rotation": 90, "texture": "#0"},
				"down": {"uv": [0, 15, 1, 16], "rotation": 90, "texture": "#0"}
			}
		},
		{
			"name": "corner4",
			"from": [15, 1, 0],
			"to": [16, 15, 1],
			"faces": {
				"north": {"uv": [6, 1, 7, 15], "texture": "#0"},
				"east": {"uv": [11, 1, 12, 15], "texture": "#0"},
				"south": {"uv": [11, 1, 12, 15], "texture": "#0"},
				"west": {"uv": [2, 1, 3, 15], "texture": "#0"},
				"up": {"uv": [0, 8, 1, 9], "rotation": 90, "texture": "#0"},
				"down": {"uv": [0, 15, 1, 16], "rotation": 90, "texture": "#0"}
			}
		},
		{
			"name": "bottom",
			"from": [0, 0, 0],
			"to": [16, 1, 16],
			"faces": {
				"north": {"uv": [0, 7, 16, 8], "texture": "#0"},
				"east": {"uv": [0, 0, 1, 16], "rotation": 270, "texture": "#0"},
				"south": {"uv": [0, 4, 16, 5], "texture": "#0"},
				"west": {"uv": [0, 0, 1, 16], "rotation": 90, "texture": "#0"},
				"up": {"uv": [0, 0, 16, 16], "rotation": 180, "texture": "#0"},
				"down": {"uv": [0, 0, 16, 16], "texture": "#0"}
			}
		},
		{
			"name": "top",
			"from": [0, 15, 0],
			"to": [16, 16, 16],
			"faces": {
				"north": {"uv": [0, 0, 16, 1], "texture": "#0"},
				"east": {"uv": [0, 0, 1, 16], "rotation": 90, "texture": "#0"},
				"south": {"uv": [0, 3, 16, 4], "texture": "#0"},
				"west": {"uv": [0, 0, 1, 16], "rotation": 270, "texture": "#0"},
				"up": {"uv": [0, 0, 16, 16], "texture": "#0"},
				"down": {"uv": [0, 0, 16, 16], "rotation": 180, "texture": "#0"}
			}
		},
		{
			"name": "shelf",
			"from": [1, 8, 1],
			"to": [15, 9, 15],
			"faces": {
				"north": {"uv": [1, 14, 15, 15], "texture": "#0"},
				"east": {"uv": [5, 2, 6, 16], "rotation": 90, "texture": "#0"},
				"south": {"uv": [1, 15, 15, 16], "texture": "#0"},
				"west": {"uv": [7, 2, 8, 16], "rotation": 270, "texture": "#0"},
				"up": {"uv": [1, 2, 15, 16], "texture": "#0"},
				"down": {"uv": [1, 2, 15, 16], "rotation": 180, "texture": "#0"}
			}
		},
		{
			"name": "mid_wall",
			"from": [-2, 1, 8],
			"to": [18, 15, 8],
			"rotation": {"angle": -45, "axis": "y", "origin": [8, 8, 8]},
			"faces": {
				"north": {"uv": [0, 1, 16, 15], "texture": "#0"},
				"south": {"uv": [1, 1, 15, 15], "texture": "#0"}
			}
		},
		{
			"name": "mid_wall",
			"from": [-2, 1, 8],
			"to": [18, 15, 8],
			"rotation": {"angle": 45, "axis": "y", "origin": [8, 8, 8]},
			"faces": {
				"north": {"uv": [0, 1, 16, 15], "texture": "#0"},
				"south": {"uv": [1, 1, 15, 15], "texture": "#0"}
			}
		},
		{
			"name": "red",
			"from": [6, 11, 1],
			"to": [12, 12, 5],
			"rotation": {"angle": 22.5, "axis": "y", "origin": [9, 11.5, 4]},
			"faces": {
				"north": {"uv": [0, 1, 6, 2], "rotation": 180, "texture": "#1_0"},
				"east": {"uv": [7, 1, 11, 2], "texture": "#1_0"},
				"south": {"uv": [3, 9, 4, 15], "rotation": 270, "texture": "#1_0"},
				"west": {"uv": [11, 0, 15, 1], "texture": "#1_0"},
				"up": {"uv": [0, 10, 4, 16], "rotation": 270, "texture": "#1_0"},
				"down": {"uv": [0, 9, 4, 15], "rotation": 270, "texture": "#1_0"}
			}
		},
		{
			"name": "red",
			"from": [5.5, 10, 11.5],
			"to": [11.5, 11, 15.5],
			"rotation": {"angle": -22.5, "axis": "y", "origin": [9.5, 12, 12]},
			"faces": {
				"north": {"uv": [3, 9, 4, 15], "rotation": 270, "texture": "#1_0"},
				"east": {"uv": [11, 0, 15, 1], "texture": "#1_0"},
				"south": {"uv": [0, 1, 6, 2], "rotation": 180, "texture": "#1_0"},
				"west": {"uv": [7, 1, 11, 2], "texture": "#1_0"},
				"up": {"uv": [0, 10, 4, 16], "rotation": 90, "texture": "#1_0"},
				"down": {"uv": [0, 9, 4, 15], "rotation": 90, "texture": "#1_0"}
			}
		},
		{
			"name": "red",
			"from": [14.15105, 1.19895, 9.50314],
			"to": [15.15105, 7.19895, 13.50314],
			"rotation": {"angle": -22.5, "axis": "y", "origin": [15.35105, 3.99895, 12.00314]},
			"faces": {
				"north": {"uv": [3, 9, 4, 15], "rotation": 180, "texture": "#1_0"},
				"east": {"uv": [0, 10, 4, 16], "rotation": 180, "texture": "#1_0"},
				"south": {"uv": [0, 1, 6, 2], "rotation": 270, "texture": "#1_0"},
				"west": {"uv": [0, 9, 4, 15], "rotation": 180, "texture": "#1_0"},
				"up": {"uv": [7, 1, 11, 2], "rotation": 90, "texture": "#1_0"},
				"down": {"uv": [11, 0, 15, 1], "rotation": 90, "texture": "#1_0"}
			}
		},
		{
			"name": "green",
			"from": [4.5, 9, 1],
			"to": [10.5, 10, 5],
			"rotation": {"angle": -45, "axis": "y", "origin": [7.5, 12, 4]},
			"faces": {
				"north": {"uv": [5, 9, 6, 15], "rotation": 270, "texture": "#1_0"},
				"east": {"uv": [11, 0, 15, 1], "texture": "#1_0"},
				"south": {"uv": [0, 1, 6, 2], "rotation": 180, "texture": "#1_0"},
				"west": {"uv": [7, 1, 11, 2], "texture": "#1_0"},
				"up": {"uv": [4, 10, 8, 16], "rotation": 90, "texture": "#1_0"},
				"down": {"uv": [4, 10, 8, 16], "rotation": 90, "texture": "#1_0"}
			}
		},
		{
			"name": "green",
			"from": [4.5, 9, 10],
			"to": [10.5, 10, 14],
			"rotation": {"angle": 22.5, "axis": "y", "origin": [9.5, 12, 12]},
			"faces": {
				"north": {"uv": [5, 9, 6, 15], "rotation": 270, "texture": "#1_0"},
				"east": {"uv": [11, 0, 15, 1], "texture": "#1_0"},
				"south": {"uv": [0, 1, 6, 2], "rotation": 180, "texture": "#1_0"},
				"west": {"uv": [7, 1, 11, 2], "texture": "#1_0"},
				"up": {"uv": [4, 10, 8, 16], "rotation": 90, "texture": "#1_0"},
				"down": {"uv": [4, 10, 8, 16], "rotation": 90, "texture": "#1_0"}
			}
		},
		{
			"name": "yellow",
			"from": [9.9, 1, 1],
			"to": [10.9, 7, 5],
			"rotation": {"angle": -45, "axis": "y", "origin": [8.5, 4, 4]},
			"faces": {
				"north": {"uv": [0, 1, 6, 2], "rotation": 90, "texture": "#1_0"},
				"east": {"uv": [12, 10, 16, 16], "texture": "#1_0"},
				"south": {"uv": [14, 9, 15, 15], "texture": "#1_0"},
				"west": {"uv": [12, 9, 16, 15], "texture": "#1_0"},
				"up": {"uv": [11, 0, 15, 1], "rotation": 90, "texture": "#1_0"},
				"down": {"uv": [7, 1, 11, 2], "rotation": 90, "texture": "#1_0"}
			}
		},
		{
			"name": "yellow",
			"from": [3.67157, 1, 9.47107],
			"to": [7.67157, 7, 10.47107],
			"rotation": {"angle": 22.5, "axis": "y", "origin": [2.07157, 4, 9.57107]},
			"faces": {
				"north": {"uv": [12, 9, 16, 15], "texture": "#1_0"},
				"east": {"uv": [0, 1, 6, 2], "rotation": 90, "texture": "#1_0"},
				"south": {"uv": [12, 10, 16, 16], "texture": "#1_0"},
				"west": {"uv": [14, 9, 15, 15], "texture": "#1_0"},
				"up": {"uv": [11, 0, 15, 1], "rotation": 180, "texture": "#1_0"},
				"down": {"uv": [7, 1, 11, 2], "texture": "#1_0"}
			}
		},
		{
			"name": "yellow",
			"from": [2.67157, 1, 8.47107],
			"to": [6.67157, 7, 9.47107],
			"rotation": {"angle": 22.5, "axis": "y", "origin": [2.07157, 4, 9.57107]},
			"faces": {
				"north": {"uv": [12, 9, 16, 15], "texture": "#1_0"},
				"east": {"uv": [0, 1, 6, 2], "rotation": 90, "texture": "#1_0"},
				"south": {"uv": [12, 10, 16, 16], "texture": "#1_0"},
				"west": {"uv": [14, 9, 15, 15], "texture": "#1_0"},
				"up": {"uv": [11, 0, 15, 1], "rotation": 180, "texture": "#1_0"},
				"down": {"uv": [7, 1, 11, 2], "texture": "#1_0"}
			}
		},
		{
			"name": "yellow",
			"from": [6.6, 1, 11.7],
			"to": [12.6, 2, 15.7],
			"rotation": {"angle": -22.5, "axis": "y", "origin": [10.67157, 4, 11.07107]},
			"faces": {
				"north": {"uv": [14, 9, 15, 15], "rotation": 270, "texture": "#1_0"},
				"east": {"uv": [11, 0, 15, 1], "texture": "#1_0"},
				"south": {"uv": [0, 1, 6, 2], "rotation": 180, "texture": "#1_0"},
				"west": {"uv": [7, 1, 11, 2], "texture": "#1_0"},
				"up": {"uv": [12, 10, 16, 16], "rotation": 90, "texture": "#1_0"},
				"down": {"uv": [12, 9, 16, 15], "rotation": 90, "texture": "#1_0"}
			}
		},
		{
			"name": "purple",
			"from": [2.2, 1, 2],
			"to": [3.2, 7, 6],
			"rotation": {"angle": 45, "axis": "y", "origin": [2.5, 4, 4]},
			"faces": {
				"north": {"uv": [0, 1, 6, 2], "rotation": 90, "texture": "#1_0"},
				"east": {"uv": [12, 3, 16, 9], "texture": "#1_0"},
				"south": {"uv": [14, 2, 15, 8], "texture": "#1_0"},
				"west": {"uv": [12, 2, 16, 8], "texture": "#1_0"},
				"up": {"uv": [11, 0, 15, 1], "rotation": 90, "texture": "#1_0"},
				"down": {"uv": [7, 1, 11, 2], "rotation": 90, "texture": "#1_0"}
			}
		},
		{
			"name": "purple",
			"from": [6.4, 3, 11.8],
			"to": [12.4, 4, 15.8],
			"rotation": {"angle": -22.5, "axis": "z", "origin": [9.4, 5, 12]},
			"faces": {
				"north": {"uv": [0, 1, 6, 2], "rotation": 180, "texture": "#1_0"},
				"east": {"uv": [7, 1, 11, 2], "texture": "#1_0"},
				"south": {"uv": [14, 2, 15, 8], "rotation": 270, "texture": "#1_0"},
				"west": {"uv": [11, 0, 15, 1], "texture": "#1_0"},
				"up": {"uv": [12, 3, 16, 9], "rotation": 270, "texture": "#1_0"},
				"down": {"uv": [12, 2, 16, 8], "rotation": 270, "texture": "#1_0"}
			}
		},
		{
			"name": "cyan",
			"from": [6, 10, 2],
			"to": [12, 11, 6],
			"rotation": {"angle": 45, "axis": "y", "origin": [9, 11.5, 4]},
			"faces": {
				"north": {"uv": [0, 1, 6, 2], "rotation": 180, "texture": "#1_0"},
				"east": {"uv": [7, 1, 11, 2], "texture": "#1_0"},
				"south": {"uv": [10, 2, 11, 8], "rotation": 270, "texture": "#1_0"},
				"west": {"uv": [11, 0, 15, 1], "texture": "#1_0"},
				"up": {"uv": [8, 3, 12, 9], "rotation": 270, "texture": "#1_0"},
				"down": {"uv": [8, 2, 12, 8], "rotation": 270, "texture": "#1_0"}
			}
		},
		{
			"name": "cyan",
			"from": [5, 11, 11],
			"to": [11, 12, 15],
			"rotation": {"angle": 22.5, "axis": "y", "origin": [9.5, 12, 12]},
			"faces": {
				"north": {"uv": [0, 1, 6, 2], "rotation": 180, "texture": "#1_0"},
				"east": {"uv": [7, 1, 11, 2], "texture": "#1_0"},
				"south": {"uv": [10, 2, 11, 8], "rotation": 270, "texture": "#1_0"},
				"west": {"uv": [11, 0, 15, 1], "texture": "#1_0"},
				"up": {"uv": [8, 3, 12, 9], "rotation": 270, "texture": "#1_0"},
				"down": {"uv": [8, 2, 12, 8], "rotation": 270, "texture": "#1_0"}
			}
		},
		{
			"name": "cyan",
			"from": [11.4015, 10.83732, 6],
			"to": [12.4015, 16.83732, 10],
			"rotation": {"angle": 22.5, "axis": "z", "origin": [16.5015, 12.33732, 9]},
			"faces": {
				"north": {"uv": [10, 2, 11, 8], "rotation": 180, "texture": "#1_0"},
				"east": {"uv": [8, 3, 12, 9], "rotation": 180, "texture": "#1_0"},
				"south": {"uv": [0, 1, 6, 2], "rotation": 270, "texture": "#1_0"},
				"west": {"uv": [8, 2, 12, 8], "rotation": 180, "texture": "#1_0"},
				"up": {"uv": [7, 1, 11, 2], "rotation": 90, "texture": "#1_0"},
				"down": {"uv": [11, 0, 15, 1], "rotation": 90, "texture": "#1_0"}
			}
		},
		{
			"name": "cyan",
			"from": [10.1, 1, 7.6],
			"to": [14.1, 7, 8.6],
			"rotation": {"angle": -45, "axis": "y", "origin": [12.5, 4, 7]},
			"faces": {
				"north": {"uv": [8, 3, 12, 9], "rotation": 180, "texture": "#1_0"},
				"east": {"uv": [0, 1, 6, 2], "rotation": 270, "texture": "#1_0"},
				"south": {"uv": [8, 2, 12, 8], "rotation": 180, "texture": "#1_0"},
				"west": {"uv": [10, 2, 11, 8], "rotation": 180, "texture": "#1_0"},
				"up": {"uv": [7, 1, 11, 2], "texture": "#1_0"},
				"down": {"uv": [11, 0, 15, 1], "rotation": 180, "texture": "#1_0"}
			}
		},
		{
			"name": "gray",
			"from": [1.02865, 9, 8.18506],
			"to": [5.02865, 15, 9.18506],
			"rotation": {"angle": -22.5, "axis": "y", "origin": [1.02865, 12, 9.68506]},
			"faces": {
				"north": {"uv": [4, 3, 8, 9], "texture": "#1_0"},
				"east": {"uv": [6, 2, 7, 8], "texture": "#1_0"},
				"south": {"uv": [4, 3, 8, 9], "texture": "#1_0"},
				"west": {"uv": [0, 1, 6, 2], "rotation": 90, "texture": "#1_0"},
				"up": {"uv": [11, 0, 15, 1], "texture": "#1_0"},
				"down": {"uv": [7, 1, 11, 2], "rotation": 180, "texture": "#1_0"}
			}
		},
		{
			"name": "gray",
			"from": [11.91125, 1, 3.20794],
			"to": [15.91125, 7, 4.20794],
			"rotation": {"angle": 22.5, "axis": "y", "origin": [13.81125, 4, 3.30794]},
			"faces": {
				"north": {"uv": [4, 3, 8, 9], "texture": "#1_0"},
				"east": {"uv": [6, 2, 7, 8], "texture": "#1_0"},
				"south": {"uv": [4, 3, 8, 9], "texture": "#1_0"},
				"west": {"uv": [0, 1, 6, 2], "rotation": 90, "texture": "#1_0"},
				"up": {"uv": [11, 0, 15, 1], "texture": "#1_0"},
				"down": {"uv": [7, 1, 11, 2], "rotation": 180, "texture": "#1_0"}
			}
		},
		{
			"name": "black",
			"from": [5.5, -1.45, 0.8],
			"to": [6.5, 4.55, 4.8],
			"rotation": {"angle": 45, "axis": "z", "origin": [4.5, 4, 5]},
			"faces": {
				"north": {"uv": [0, 1, 6, 2], "rotation": 90, "texture": "#1_0"},
				"east": {"uv": [0, 3, 4, 9], "texture": "#1_0"},
				"south": {"uv": [2, 2, 3, 8], "texture": "#1_0"},
				"west": {"uv": [0, 2, 4, 8], "texture": "#1_0"},
				"up": {"uv": [11, 0, 15, 1], "rotation": 90, "texture": "#1_0"},
				"down": {"uv": [7, 1, 11, 2], "rotation": 90, "texture": "#1_0"}
			}
		},
		{
			"name": "black",
			"from": [4.29307, 12.02825, 11.8],
			"to": [10.29307, 13.02825, 15.8],
			"rotation": {"angle": 0, "axis": "z", "origin": [7.29307, 3.32825, 16.8]},
			"faces": {
				"north": {"uv": [0, 1, 6, 2], "rotation": 180, "texture": "#1_0"},
				"east": {"uv": [7, 1, 11, 2], "texture": "#1_0"},
				"south": {"uv": [2, 2, 3, 8], "rotation": 270, "texture": "#1_0"},
				"west": {"uv": [11, 0, 15, 1], "texture": "#1_0"},
				"up": {"uv": [0, 3, 4, 9], "rotation": 270, "texture": "#1_0"},
				"down": {"uv": [0, 2, 4, 8], "rotation": 270, "texture": "#1_0"}
			}
		},
		{
			"name": "blue",
			"from": [1.9, 9, 4.1],
			"to": [2.9, 15, 8.1],
			"rotation": {"angle": -22.5, "axis": "z", "origin": [2.5, 12, 5]},
			"faces": {
				"north": {"uv": [0, 1, 6, 2], "rotation": 90, "texture": "#1_0"},
				"east": {"uv": [8, 10, 12, 16], "texture": "#1_0"},
				"south": {"uv": [8, 10, 9, 16], "texture": "#1_0"},
				"west": {"uv": [8, 9, 12, 15], "texture": "#1_0"},
				"up": {"uv": [11, 0, 15, 1], "rotation": 90, "texture": "#1_0"},
				"down": {"uv": [7, 1, 11, 2], "rotation": 90, "texture": "#1_0"}
			}
		},
		{
			"name": "blue",
			"from": [1.8, 1.75, 12.45],
			"to": [2.8, 7.75, 16.45],
			"rotation": {"angle": 22.5, "axis": "z", "origin": [3.4, 12, 5]},
			"faces": {
				"north": {"uv": [0, 1, 6, 2], "rotation": 90, "texture": "#1_0"},
				"east": {"uv": [8, 10, 12, 16], "texture": "#1_0"},
				"south": {"uv": [8, 10, 9, 16], "texture": "#1_0"},
				"west": {"uv": [8, 9, 12, 15], "texture": "#1_0"},
				"up": {"uv": [11, 0, 15, 1], "rotation": 90, "texture": "#1_0"},
				"down": {"uv": [7, 1, 11, 2], "rotation": 90, "texture": "#1_0"}
			}
		}
	],
	"display": {},
	"groups": [0, 1, 2, 3, 4, 5, 6, 7, 8,
		{
			"name": "book",
			"origin": [8, 8, 8],
			"children": [9, 10, 11, 12, 13, 14, 15, 16, 17, 18, 19, 20, 21, 22, 23, 24, 25, 26, 27, 28, 29]
		}
	]
}