{
	"credit": "Made with Blockbench",
	"parent": "block/block",
	"textures": {
		"0": "block/custom_model_textures/bookshelf/base",
		"particle": "block/custom_model_textures/bookshelf/base"
	},
	"elements": [
		{
			"name": "side_r",
			"from": [0, 0, 0],
			"to": [1, 16, 16],
			"faces": {
				"north": {"uv": [10, 0, 11, 16], "texture": "#0"},
				"east": {"uv": [0, 0, 16, 16], "texture": "#0"},
				"south": {"uv": [3, 0, 4, 16], "texture": "#0"},
				"west": {"uv": [0, 0, 16, 16], "texture": "#0"},
				"up": {"uv": [0, 4, 16, 5], "rotation": 90, "texture": "#0"},
				"down": {"uv": [0, 15, 16, 16], "rotation": 90, "texture": "#0"}
			}
		},
		{
			"name": "side_l",
			"from": [15, 0, 0],
			"to": [16, 16, 16],
			"faces": {
				"north": {"uv": [14, 0, 15, 16], "texture": "#0"},
				"east": {"uv": [0, 0, 16, 16], "texture": "#0"},
				"south": {"uv": [9, 0, 10, 16], "texture": "#0"},
				"west": {"uv": [0, 0, 16, 16], "texture": "#0"},
				"up": {"uv": [0, 8, 16, 9], "rotation": 90, "texture": "#0"},
				"down": {"uv": [0, 7, 16, 8], "rotation": 90, "texture": "#0"}
			}
		},
		{
			"name": "bottom",
			"from": [1, 0, 0],
			"to": [15, 1, 16],
			"faces": {
				"north": {"uv": [0, 4, 16, 5], "texture": "#0"},
				"south": {"uv": [0, 11, 16, 12], "texture": "#0"},
				"up": {"uv": [0, 0, 16, 16], "texture": "#0"},
				"down": {"uv": [0, 0, 16, 16], "rotation": 180, "texture": "#0"}
			}
		},
		{
			"name": "top",
			"from": [1, 15, 0],
			"to": [15, 16, 16],
			"faces": {
				"north": {"uv": [0, 4, 16, 5], "texture": "#0"},
				"south": {"uv": [0, 15, 16, 16], "texture": "#0"},
				"up": {"uv": [0, 0, 16, 16], "texture": "#0"},
				"down": {"uv": [0, 0, 16, 16], "rotation": 180, "texture": "#0"}
			}
		},
		{
			"name": "shelf",
			"from": [1, 8, 1],
			"to": [15, 9, 15],
			"faces": {
				"north": {"uv": [0, 10, 16, 11], "texture": "#0"},
				"south": {"uv": [0, 15, 16, 16], "texture": "#0"},
				"up": {"uv": [1, 2, 15, 16], "texture": "#0"},
				"down": {"uv": [1, 2, 15, 16], "rotation": 180, "texture": "#0"}
			}
		},
		{
			"name": "mid_wall",
			"from": [1, 1, 8],
			"to": [15, 15, 8],
			"faces": {
				"north": {"uv": [1, 1, 15, 15], "texture": "#0"},
				"south": {"uv": [1, 1, 15, 15], "texture": "#0"}
			}
		}
	]
}