{
	"credit": "Made with Blockbench",
	"parent": "block/block",
	"textures": {
		"0": "block/custom_model_textures/bookshelf/base",
		"particle": "block/custom_model_textures/bookshelf/base",
		"1_0": "block/custom_model_textures/bookshelf/book"
	},
	"elements": [
		{
			"name": "side_r",
			"from": [0, 0, 0],
			"to": [1, 16, 16],
			"faces": {
				"north": {"uv": [7, 0, 8, 16], "texture": "#0"},
				"east": {"uv": [0, 0, 16, 16], "texture": "#0"},
				"south": {"uv": [8, 0, 9, 16], "texture": "#0"},
				"west": {"uv": [0, 0, 16, 16], "texture": "#0"},
				"up": {"uv": [0, 8, 16, 9], "rotation": 90, "texture": "#0"},
				"down": {"uv": [0, 7, 16, 8], "rotation": 90, "texture": "#0"}
			}
		},
		{
			"name": "side_l",
			"from": [15, 0, 0],
			"to": [16, 16, 16],
			"faces": {
				"north": {"uv": [1, 0, 2, 16], "texture": "#0"},
				"east": {"uv": [0, 0, 16, 16], "texture": "#0"},
				"south": {"uv": [11, 0, 12, 16], "texture": "#0"},
				"west": {"uv": [0, 0, 16, 16], "texture": "#0"},
				"up": {"uv": [0, 0, 16, 1], "rotation": 90, "texture": "#0"},
				"down": {"uv": [0, 11, 16, 12], "rotation": 90, "texture": "#0"}
			}
		},
		{
			"name": "bottom",
			"from": [1, 0, 0],
			"to": [15, 1, 16],
			"faces": {
				"north": {"uv": [0, 8, 16, 9], "texture": "#0"},
				"south": {"uv": [0, 11, 16, 12], "texture": "#0"},
				"up": {"uv": [0, 0, 16, 16], "texture": "#0"},
				"down": {"uv": [0, 0, 16, 16], "rotation": 180, "texture": "#0"}
			}
		},
		{
			"name": "top",
			"from": [1, 15, 0],
			"to": [15, 16, 16],
			"faces": {
				"north": {"uv": [0, 4, 16, 5], "texture": "#0"},
				"south": {"uv": [0, 11, 16, 12], "texture": "#0"},
				"up": {"uv": [0, 0, 16, 16], "texture": "#0"},
				"down": {"uv": [0, 0, 16, 16], "rotation": 180, "texture": "#0"}
			}
		},
		{
			"name": "shelf",
			"from": [1, 8, 1],
			"to": [15, 9, 15],
			"faces": {
				"north": {"uv": [0, 10, 16, 11], "texture": "#0"},
				"south": {"uv": [0, 3, 16, 4], "texture": "#0"},
				"up": {"uv": [1, 2, 15, 16], "texture": "#0"},
				"down": {"uv": [1, 2, 15, 16], "rotation": 180, "texture": "#0"}
			}
		},
		{
			"name": "mid_wall",
			"from": [1, 1, 8],
			"to": [15, 15, 8],
			"faces": {
				"north": {"uv": [1, 1, 15, 15], "texture": "#0"},
				"south": {"uv": [1, 1, 15, 15], "texture": "#0"}
			}
		},
		{
			"name": "red",
			"from": [6, 11, 2],
			"to": [12, 12, 6],
			"rotation": {"angle": -22.5, "axis": "y", "origin": [11, 11.5, 4]},
			"faces": {
				"north": {"uv": [0, 1, 6, 2], "rotation": 180, "texture": "#1_0"},
				"east": {"uv": [7, 1, 11, 2], "texture": "#1_0"},
				"south": {"uv": [3, 9, 4, 15], "rotation": 270, "texture": "#1_0"},
				"west": {"uv": [11, 0, 15, 1], "texture": "#1_0"},
				"up": {"uv": [0, 10, 4, 16], "rotation": 270, "texture": "#1_0"},
				"down": {"uv": [0, 9, 4, 15], "rotation": 270, "texture": "#1_0"}
			}
		},
		{
			"name": "red",
			"from": [2.5, 10, 10.5],
			"to": [8.5, 11, 14.5],
			"rotation": {"angle": -22.5, "axis": "y", "origin": [6.5, 12, 11]},
			"faces": {
				"north": {"uv": [3, 9, 4, 15], "rotation": 270, "texture": "#1_0"},
				"east": {"uv": [11, 0, 15, 1], "texture": "#1_0"},
				"south": {"uv": [0, 1, 6, 2], "rotation": 180, "texture": "#1_0"},
				"west": {"uv": [7, 1, 11, 2], "texture": "#1_0"},
				"up": {"uv": [0, 10, 4, 16], "rotation": 90, "texture": "#1_0"},
				"down": {"uv": [0, 9, 4, 15], "rotation": 90, "texture": "#1_0"}
			}
		},
		{
			"name": "red",
			"from": [10.85105, 1.99895, 9.00314],
			"to": [11.85105, 7.99895, 13.00314],
			"rotation": {"angle": 0, "axis": "z", "origin": [12.00105, 5, 11.00157]},
			"faces": {
				"north": {"uv": [3, 9, 4, 15], "rotation": 180, "texture": "#1_0"},
				"east": {"uv": [0, 10, 4, 16], "rotation": 180, "texture": "#1_0"},
				"south": {"uv": [0, 1, 6, 2], "rotation": 270, "texture": "#1_0"},
				"west": {"uv": [0, 9, 4, 15], "rotation": 180, "texture": "#1_0"},
				"up": {"uv": [7, 1, 11, 2], "rotation": 90, "texture": "#1_0"},
				"down": {"uv": [11, 0, 15, 1], "rotation": 90, "texture": "#1_0"}
			}
		},
		{
			"name": "green",
			"from": [8.5, 9, 2],
			"to": [14.5, 10, 6],
			"rotation": {"angle": 22.5, "axis": "y", "origin": [9.5, 12, 4]},
			"faces": {
				"north": {"uv": [0, 1, 6, 2], "rotation": 180, "texture": "#1_0"},
				"east": {"uv": [7, 1, 11, 2], "texture": "#1_0"},
				"south": {"uv": [5, 9, 6, 15], "rotation": 270, "texture": "#1_0"},
				"west": {"uv": [11, 0, 15, 1], "texture": "#1_0"},
				"up": {"uv": [4, 10, 8, 16], "rotation": 270, "texture": "#1_0"},
				"down": {"uv": [4, 10, 8, 16], "rotation": 270, "texture": "#1_0"}
			}
		},
		{
			"name": "green",
			"from": [1.5, 9, 9],
			"to": [7.5, 10, 13],
			"rotation": {"angle": 22.5, "axis": "y", "origin": [6.5, 12, 11]},
			"faces": {
				"north": {"uv": [5, 9, 6, 15], "rotation": 270, "texture": "#1_0"},
				"east": {"uv": [11, 0, 15, 1], "texture": "#1_0"},
				"south": {"uv": [0, 1, 6, 2], "rotation": 180, "texture": "#1_0"},
				"west": {"uv": [7, 1, 11, 2], "texture": "#1_0"},
				"up": {"uv": [4, 10, 8, 16], "rotation": 90, "texture": "#1_0"},
				"down": {"uv": [4, 10, 8, 16], "rotation": 90, "texture": "#1_0"}
			}
		},
		{
			"name": "yellow",
			"from": [8, 1, 4],
			"to": [9, 7, 8],
			"rotation": {"angle": 45, "axis": "y", "origin": [8.5, 4, 4]},
			"faces": {
				"north": {"uv": [0, 1, 6, 2], "rotation": 90, "texture": "#1_0"},
				"east": {"uv": [12, 10, 16, 16], "texture": "#1_0"},
				"south": {"uv": [14, 9, 15, 15], "texture": "#1_0"},
				"west": {"uv": [12, 9, 16, 15], "texture": "#1_0"},
				"up": {"uv": [11, 0, 15, 1], "rotation": 90, "texture": "#1_0"},
				"down": {"uv": [7, 1, 11, 2], "rotation": 90, "texture": "#1_0"}
			}
		},
		{
			"name": "yellow",
			"from": [1.07157, 1, 10.07107],
			"to": [2.07157, 7, 14.07107],
			"rotation": {"angle": 0, "axis": "y", "origin": [5.57157, 4, 11.07107]},
			"faces": {
				"north": {"uv": [14, 9, 15, 15], "texture": "#1_0"},
				"east": {"uv": [12, 9, 16, 15], "texture": "#1_0"},
				"south": {"uv": [0, 1, 6, 2], "rotation": 90, "texture": "#1_0"},
				"west": {"uv": [12, 10, 16, 16], "texture": "#1_0"},
				"up": {"uv": [11, 0, 15, 1], "rotation": 270, "texture": "#1_0"},
				"down": {"uv": [7, 1, 11, 2], "rotation": 270, "texture": "#1_0"}
			}
		},
		{
			"name": "yellow",
			"from": [2.07157, 1, 9.07107],
			"to": [3.07157, 7, 13.07107],
			"rotation": {"angle": 0, "axis": "y", "origin": [5.57157, 4, 11.07107]},
			"faces": {
				"north": {"uv": [14, 9, 15, 15], "texture": "#1_0"},
				"east": {"uv": [12, 9, 16, 15], "texture": "#1_0"},
				"south": {"uv": [0, 1, 6, 2], "rotation": 90, "texture": "#1_0"},
				"west": {"uv": [12, 10, 16, 16], "texture": "#1_0"},
				"up": {"uv": [11, 0, 15, 1], "rotation": 270, "texture": "#1_0"},
				"down": {"uv": [7, 1, 11, 2], "rotation": 270, "texture": "#1_0"}
			}
		},
		{
			"name": "yellow",
			"from": [8, 1, 10],
			"to": [14, 2, 14],
			"rotation": {"angle": -22.5, "axis": "y", "origin": [10.67157, 4, 11.07107]},
			"faces": {
				"north": {"uv": [14, 9, 15, 15], "rotation": 270, "texture": "#1_0"},
				"east": {"uv": [11, 0, 15, 1], "texture": "#1_0"},
				"south": {"uv": [0, 1, 6, 2], "rotation": 180, "texture": "#1_0"},
				"west": {"uv": [7, 1, 11, 2], "texture": "#1_0"},
				"up": {"uv": [12, 10, 16, 16], "rotation": 90, "texture": "#1_0"},
				"down": {"uv": [12, 9, 16, 15], "rotation": 90, "texture": "#1_0"}
			}
		},
		{
			"name": "purple",
			"from": [1, 1, 2],
			"to": [2, 7, 6],
			"rotation": {"angle": 0, "axis": "y", "origin": [2.5, 4, 4]},
			"faces": {
				"north": {"uv": [0, 1, 6, 2], "rotation": 90, "texture": "#1_0"},
				"east": {"uv": [12, 3, 16, 9], "texture": "#1_0"},
				"south": {"uv": [14, 2, 15, 8], "texture": "#1_0"},
				"west": {"uv": [12, 2, 16, 8], "texture": "#1_0"},
				"up": {"uv": [11, 0, 15, 1], "rotation": 90, "texture": "#1_0"},
				"down": {"uv": [7, 1, 11, 2], "rotation": 90, "texture": "#1_0"}
			}
		},
		{
			"name": "purple",
			"from": [5.5, 3, 10],
			"to": [11.5, 4, 14],
			"rotation": {"angle": -22.5, "axis": "z", "origin": [8.5, 5, 12]},
			"faces": {
				"north": {"uv": [0, 1, 6, 2], "rotation": 180, "texture": "#1_0"},
				"east": {"uv": [7, 1, 11, 2], "texture": "#1_0"},
				"south": {"uv": [14, 2, 15, 8], "rotation": 270, "texture": "#1_0"},
				"west": {"uv": [11, 0, 15, 1], "texture": "#1_0"},
				"up": {"uv": [12, 3, 16, 9], "rotation": 270, "texture": "#1_0"},
				"down": {"uv": [12, 2, 16, 8], "rotation": 270, "texture": "#1_0"}
			}
		},
		{
			"name": "cyan",
			"from": [8, 10, 2],
			"to": [14, 11, 6],
			"rotation": {"angle": 0, "axis": "z", "origin": [8.5, 12, 5]},
			"faces": {
				"north": {"uv": [0, 1, 6, 2], "rotation": 180, "texture": "#1_0"},
				"east": {"uv": [7, 1, 11, 2], "texture": "#1_0"},
				"south": {"uv": [10, 2, 11, 8], "rotation": 270, "texture": "#1_0"},
				"west": {"uv": [11, 0, 15, 1], "texture": "#1_0"},
				"up": {"uv": [8, 3, 12, 9], "rotation": 270, "texture": "#1_0"},
				"down": {"uv": [8, 2, 12, 8], "rotation": 270, "texture": "#1_0"}
			}
		},
		{
			"name": "cyan",
			"from": [3, 11, 9],
			"to": [9, 12, 13],
			"rotation": {"angle": 0, "axis": "y", "origin": [6.5, 12, 11]},
			"faces": {
				"north": {"uv": [10, 2, 11, 8], "rotation": 270, "texture": "#1_0"},
				"east": {"uv": [11, 0, 15, 1], "texture": "#1_0"},
				"south": {"uv": [0, 1, 6, 2], "rotation": 180, "texture": "#1_0"},
				"west": {"uv": [7, 1, 11, 2], "texture": "#1_0"},
				"up": {"uv": [8, 3, 12, 9], "rotation": 90, "texture": "#1_0"},
				"down": {"uv": [8, 2, 12, 8], "rotation": 90, "texture": "#1_0"}
			}
		},
		{
			"name": "cyan",
			"from": [12.85105, 2.50105, 10],
			"to": [13.85105, 8.50105, 14],
			"rotation": {"angle": -22.5, "axis": "z", "origin": [12.00105, 5, 11.00157]},
			"faces": {
				"north": {"uv": [10, 2, 11, 8], "rotation": 180, "texture": "#1_0"},
				"east": {"uv": [8, 3, 12, 9], "rotation": 180, "texture": "#1_0"},
				"south": {"uv": [0, 1, 6, 2], "rotation": 270, "texture": "#1_0"},
				"west": {"uv": [8, 2, 12, 8], "rotation": 180, "texture": "#1_0"},
				"up": {"uv": [7, 1, 11, 2], "rotation": 90, "texture": "#1_0"},
				"down": {"uv": [11, 0, 15, 1], "rotation": 90, "texture": "#1_0"}
			}
		},
		{
			"name": "cyan",
			"from": [12, 1, 3],
			"to": [13, 7, 7],
			"rotation": {"angle": 0, "axis": "z", "origin": [11, 3.5, 4]},
			"faces": {
				"north": {"uv": [0, 1, 6, 2], "rotation": 270, "texture": "#1_0"},
				"east": {"uv": [8, 2, 12, 8], "rotation": 180, "texture": "#1_0"},
				"south": {"uv": [10, 2, 11, 8], "rotation": 180, "texture": "#1_0"},
				"west": {"uv": [8, 3, 12, 9], "rotation": 180, "texture": "#1_0"},
				"up": {"uv": [7, 1, 11, 2], "rotation": 270, "texture": "#1_0"},
				"down": {"uv": [11, 0, 15, 1], "rotation": 270, "texture": "#1_0"}
			}
		},
		{
			"name": "gray",
			"from": [5, 9, 4],
			"to": [6, 15, 8],
			"rotation": {"angle": 22.5, "axis": "y", "origin": [4.5, 12, 5]},
			"faces": {
				"north": {"uv": [0, 1, 6, 2], "rotation": 90, "texture": "#1_0"},
				"east": {"uv": [4, 3, 8, 9], "texture": "#1_0"},
				"south": {"uv": [6, 2, 7, 8], "texture": "#1_0"},
				"west": {"uv": [4, 3, 8, 9], "texture": "#1_0"},
				"up": {"uv": [11, 0, 15, 1], "rotation": 90, "texture": "#1_0"},
				"down": {"uv": [7, 1, 11, 2], "rotation": 90, "texture": "#1_0"}
			}
		},
		{
			"name": "gray",
			"from": [13.31125, 1, 1.30794],
			"to": [14.31125, 7, 5.30794],
			"rotation": {"angle": 0, "axis": "y", "origin": [13.81125, 4, 3.30794]},
			"faces": {
				"north": {"uv": [0, 1, 6, 2], "rotation": 90, "texture": "#1_0"},
				"east": {"uv": [4, 3, 8, 9], "texture": "#1_0"},
				"south": {"uv": [6, 2, 7, 8], "texture": "#1_0"},
				"west": {"uv": [4, 3, 8, 9], "texture": "#1_0"},
				"up": {"uv": [11, 0, 15, 1], "rotation": 90, "texture": "#1_0"},
				"down": {"uv": [7, 1, 11, 2], "rotation": 90, "texture": "#1_0"}
			}
		},
		{
			"name": "black",
			"from": [3.5, 0.75, 3],
			"to": [4.5, 6.75, 7],
			"rotation": {"angle": 45, "axis": "z", "origin": [4.5, 4, 5]},
			"faces": {
				"north": {"uv": [0, 1, 6, 2], "rotation": 90, "texture": "#1_0"},
				"east": {"uv": [0, 3, 4, 9], "texture": "#1_0"},
				"south": {"uv": [2, 2, 3, 8], "texture": "#1_0"},
				"west": {"uv": [0, 2, 4, 8], "texture": "#1_0"},
				"up": {"uv": [11, 0, 15, 1], "rotation": 90, "texture": "#1_0"},
				"down": {"uv": [7, 1, 11, 2], "rotation": 90, "texture": "#1_0"}
			}
		},
		{
			"name": "blue",
			"from": [2, 9, 3],
			"to": [3, 15, 7],
			"rotation": {"angle": 22.5, "axis": "z", "origin": [2.5, 12, 5]},
			"faces": {
				"north": {"uv": [0, 1, 6, 2], "rotation": 90, "texture": "#1_0"},
				"east": {"uv": [8, 10, 12, 16], "texture": "#1_0"},
				"south": {"uv": [8, 10, 9, 16], "texture": "#1_0"},
				"west": {"uv": [8, 9, 12, 15], "texture": "#1_0"},
				"up": {"uv": [11, 0, 15, 1], "rotation": 90, "texture": "#1_0"},
				"down": {"uv": [7, 1, 11, 2], "rotation": 90, "texture": "#1_0"}
			}
		},
		{
			"name": "blue",
			"from": [0.9, 0.75, 10.25],
			"to": [1.9, 6.75, 14.25],
			"rotation": {"angle": 22.5, "axis": "z", "origin": [2.5, 12, 5]},
			"faces": {
				"north": {"uv": [0, 1, 6, 2], "rotation": 90, "texture": "#1_0"},
				"east": {"uv": [8, 10, 12, 16], "texture": "#1_0"},
				"south": {"uv": [8, 10, 9, 16], "texture": "#1_0"},
				"west": {"uv": [8, 9, 12, 15], "texture": "#1_0"},
				"up": {"uv": [11, 0, 15, 1], "rotation": 90, "texture": "#1_0"},
				"down": {"uv": [7, 1, 11, 2], "rotation": 90, "texture": "#1_0"}
			}
		}
	],
	"groups": [0, 1, 2, 3, 4, 5,
		{
			"name": "book",
			"origin": [8, 8, 8],
			"children": [6, 7, 8, 9, 10, 11, 12, 13, 14, 15, 16, 17, 18, 19, 20, 21, 22, 23, 24, 25]
		}
	]
}