{
	"parent": "block/block",
	"textures": {
		"0": "block/oak_planks",
		"1": "block/iron_block",
		"2": "block/gold_block",
		"4": "block/custom_model_textures/rails/powered_on",
		"particle": "block/oak_planks"
	},
	"elements": [
		{
			"name": "Plank1",
			"from": [0.5, -0.5, 2],
			"to": [15.5, 0.5, 4],
			"faces": {
				"north": {"uv": [0, 1, 1, 16], "rotation": 90, "texture": "#0"},
				"east": {"uv": [0, 0, 2, 1], "texture": "#0"},
				"south": {"uv": [0, 1, 1, 16], "rotation": 90, "texture": "#0"},
				"west": {"uv": [0, 0, 1, 2], "rotation": 90, "texture": "#0"},
				"up": {"uv": [0, 1, 2, 16], "rotation": 90, "texture": "#0"},
				"down": {"uv": [0, 1, 2, 16], "rotation": 90, "texture": "#0"}
			}
		},
		{
			"name": "RailLeft1",
			"from": [2, 0.5, 0],
			"to": [2.5, 1, 16],
			"faces": {
				"north": {"uv": [0, 14, 16, 14.5], "rotation": 180, "texture": "#2"},
				"east": {"uv": [0, 14, 16, 14.5], "rotation": 180, "texture": "#2"},
				"south": {"uv": [0, 14, 16, 14.5], "rotation": 180, "texture": "#2"},
				"west": {"uv": [0, 13, 16, 13.5], "rotation": 180, "texture": "#2"},
				"up": {"uv": [0, 14, 16, 14.5], "rotation": 180, "texture": "#2"},
				"down": {"uv": [0, 14, 16, 14.5], "rotation": 180, "texture": "#2"}
			}
		},
		{
			"name": "RailLeft2",
			"from": [2.5, 0.5, 0],
			"to": [3.3, 1.5, 16],
			"faces": {
				"north": {"uv": [0, 15, 16, 15.5], "texture": "#2"},
				"east": {"uv": [0, 15, 16, 15.5], "texture": "#2"},
				"south": {"uv": [0, 15, 16, 15.5], "texture": "#2"},
				"west": {"uv": [0, 15, 16, 15.5], "texture": "#2"},
				"up": {"uv": [0, 15, 16, 15.5], "texture": "#2"},
				"down": {"uv": [0, 15, 16, 15.5], "texture": "#2"}
			}
		},
		{
			"name": "RailRight2",
			"from": [12.7, 0.5, 0],
			"to": [13.5, 1.5, 16],
			"faces": {
				"north": {"uv": [0, 15, 16, 15.5], "texture": "#2"},
				"east": {"uv": [0, 15, 16, 15.5], "texture": "#2"},
				"south": {"uv": [0, 15, 16, 15.5], "texture": "#2"},
				"west": {"uv": [0, 15, 16, 15.5], "texture": "#2"},
				"up": {"uv": [0, 15, 16, 15.5], "texture": "#2"},
				"down": {"uv": [0, 15, 16, 15.5], "texture": "#2"}
			}
		},
		{
			"name": "RailRight1",
			"from": [13.5, 0.5, 0],
			"to": [14, 1, 16],
			"faces": {
				"north": {"uv": [0, 14, 16, 14.5], "rotation": 180, "texture": "#2"},
				"east": {"uv": [0, 14, 16, 14.5], "rotation": 180, "texture": "#2"},
				"south": {"uv": [0, 14, 16, 14.5], "rotation": 180, "texture": "#2"},
				"west": {"uv": [0, 13, 16, 13.5], "rotation": 180, "texture": "#2"},
				"up": {"uv": [0, 14, 16, 14.5], "rotation": 180, "texture": "#2"},
				"down": {"uv": [0, 14, 16, 14.5], "rotation": 180, "texture": "#2"}
			}
		},
		{
			"name": "Plank3",
			"from": [0.5, -0.5, 12],
			"to": [15.5, 0.5, 14],
			"faces": {
				"north": {"uv": [2, 1, 3, 16], "rotation": 270, "texture": "#0"},
				"east": {"uv": [0, 0, 2, 1], "rotation": 270, "texture": "#0"},
				"south": {"uv": [1, 1, 2, 16], "rotation": 270, "texture": "#0"},
				"west": {"uv": [0, 0, 1, 2], "rotation": 270, "texture": "#0"},
				"up": {"uv": [2, 1, 4, 16], "rotation": 270, "texture": "#0"},
				"down": {"uv": [4, 1, 6, 16], "rotation": 270, "texture": "#0"}
			}
		},
		{
			"name": "Plank2",
			"from": [0.5, -0.5, 7],
			"to": [15.5, 0.5, 9],
			"faces": {
				"north": {"uv": [8, 1, 9, 16], "rotation": 90, "texture": "#0"},
				"east": {"uv": [3, 0, 5, 1], "rotation": 90, "texture": "#0"},
				"south": {"uv": [3, 1, 4, 16], "rotation": 90, "texture": "#0"},
				"west": {"uv": [3, 4, 5, 5], "texture": "#0"},
				"up": {"uv": [8, 1, 10, 16], "rotation": 90, "texture": "#0"},
				"down": {"uv": [7, 1, 9, 16], "rotation": 90, "texture": "#0"}
			}
		},
		{
			"name": "Booster",
			"from": [6.5, -0.25, 1],
			"to": [9.5, 0.75, 15],
			"faces": {
				"north": {"uv": [6, 1, 9, 15], "texture": "#1"},
				"east": {"uv": [6, 1, 9, 15], "texture": "#1"},
				"south": {"uv": [6, 1, 9, 15], "texture": "#1"},
				"west": {"uv": [6, 1, 9, 15], "texture": "#1"},
				"up": {"uv": [0, 0, 3, 14], "texture": "#4"},
				"down": {"uv": [6, 1, 9, 15], "texture": "#1"}
			}
		},
		{
			"name": "BoosterSide1",
			"from": [5.5, 0, 1],
			"to": [6.5, 1, 15],
			"faces": {
				"north": {"uv": [0, 0, 1, 1], "texture": "#1"},
				"east": {"uv": [0, 0, 14, 1], "texture": "#1"},
				"south": {"uv": [0, 0, 1, 1], "texture": "#1"},
				"west": {"uv": [0, 0, 14, 1], "texture": "#1"},
				"up": {"uv": [0, 0, 1, 14], "texture": "#1"},
				"down": {"uv": [0, 0, 1, 14], "texture": "#1"}
			}
		},
		{
			"name": "BoosterSide2",
			"from": [9.5, 0, 1],
			"to": [10.5, 1, 15],
			"faces": {
				"north": {"uv": [15, 1, 16, 2], "rotation": 180, "texture": "#1"},
				"east": {"uv": [15, 0, 16, 14], "rotation": 90, "texture": "#1"},
				"south": {"uv": [15, 0, 16, 1], "rotation": 180, "texture": "#1"},
				"west": {"uv": [15, 0, 16, 14], "rotation": 270, "texture": "#1"},
				"up": {"uv": [15, 0, 16, 14], "rotation": 180, "texture": "#1"},
				"down": {"uv": [15, 0, 16, 14], "rotation": 180, "texture": "#1"}
			}
		},
		{
			"name": "BoosterSide3",
			"from": [6.5, 0, 15],
			"to": [9.5, 1, 16],
			"faces": {
				"north": {"uv": [0, 0, 3, 1], "texture": "#1"},
				"east": {"uv": [2, 0, 3, 1], "texture": "#1"},
				"south": {"uv": [0, 0, 3, 1], "texture": "#1"},
				"west": {"uv": [0, 2, 1, 3], "texture": "#1"},
				"up": {"uv": [0, 0, 3, 1], "texture": "#1"},
				"down": {"uv": [0, 0, 3, 1], "texture": "#1"}
			}
		},
		{
			"name": "BoosterSide4",
			"from": [6.5, 0, 0],
			"to": [9.5, 1, 1],
			"rotation": {"angle": 0, "axis": "y", "origin": [8, 0.5, 0.5]},
			"faces": {
				"north": {"uv": [0, 0, 3, 1], "texture": "#1"},
				"east": {"uv": [0, 2, 1, 3], "texture": "#1"},
				"south": {"uv": [0, 0, 3, 1], "texture": "#1"},
				"west": {"uv": [2, 0, 3, 1], "texture": "#1"},
				"up": {"uv": [0, 0, 3, 1], "rotation": 180, "texture": "#1"},
				"down": {"uv": [0, 0, 3, 1], "rotation": 180, "texture": "#1"}
			}
		}
	]
}