{
	"parent": "block/block",
    "textures": {
		"particle": "block/oak_planks",
        "0": "block/oak_planks",
        "1": "block/iron_block"
    },
    "elements": [
        {
            "name": "Plank1",
            "from": [ 0.5, -0.5, 2.0 ], 
            "to": [ 15.5, 0.5, 4.0 ], 
            "faces": {
                "north": { "texture": "#0", "uv": [ 0.0, 1.0, 1.0, 16.0 ], "rotation": 90 },
                "east": { "texture": "#0", "uv": [ 0.0, 0.0, 2.0, 1.0 ] },
                "south": { "texture": "#0", "uv": [ 0.0, 1.0, 1.0, 16.0 ], "rotation": 90 },
                "west": { "texture": "#0", "uv": [ 0.0, 0.0, 1.0, 2.0 ], "rotation": 90 },
                "up": { "texture": "#0", "uv": [ 0.0, 1.0, 2.0, 16.0 ], "rotation": 90 },
                "down": { "texture": "#0", "uv": [ 0.0, 1.0, 2.0, 16.0 ], "rotation": 90 }
            }
        },
        {
            "name": "RailLeft1",
            "from": [ 2.0, 0.5, 0.0 ], 
            "to": [ 2.5, 1.0, 16.0 ], 
            "faces": {
                "north": { "texture": "#1", "uv": [ 0.0, 0.0, 0.5, 0.5 ] },
                "east": { "texture": "#1", "uv": [ 0.0, 0.0, 16.0, 0.5 ] },
                "south": { "texture": "#1", "uv": [ 0.0, 0.0, 0.5, 0.5 ] },
                "west": { "texture": "#1", "uv": [ 0.0, 0.0, 16.0, 0.5 ] },
                "up": { "texture": "#1", "uv": [ 0.0, 0.0, 0.5, 16.0 ] },
                "down": { "texture": "#1", "uv": [ 0.0, 0.0, 0.5, 16.0 ] }
            }
        },
        {
            "name": "RailLeft2",
            "from": [ 2.5, 0.5, 0.0 ], 
            "to": [ 3.3, 1.5, 16.0 ], 
            "faces": {
                "north": { "texture": "#1", "uv": [ 0.0, 0.0, 0.8, 1.0 ] },
                "east": { "texture": "#1", "uv": [ 0.0, 0.0, 16.0, 1.0 ] },
                "south": { "texture": "#1", "uv": [ 0.0, 0.0, 0.8, 1.0 ] },
                "west": { "texture": "#1", "uv": [ 0.0, 1.0, 16.0, 2.0 ] },
                "up": { "texture": "#1", "uv": [ 2.0, 0.0, 2.8, 16.0 ] },
                "down": { "texture": "#1", "uv": [ 2.0, 0.0, 2.8, 16.0 ] }
            }
        },
        {
            "name": "RailRight2",
            "from": [ 12.7, 0.5, 0.0 ], 
            "to": [ 13.5, 1.5, 16.0 ], 
            "faces": {
                "north": { "texture": "#1", "uv": [ 0.0, 0.0, 0.8, 1.0 ] },
                "east": { "texture": "#1", "uv": [ 0.0, 3.0, 16.0, 4.0 ] },
                "south": { "texture": "#1", "uv": [ 0.0, 0.0, 0.8, 1.0 ] },
                "west": { "texture": "#1", "uv": [ 0.0, 1.0, 16.0, 2.0 ] },
                "up": { "texture": "#1", "uv": [ 3.0, 0.0, 3.8, 16.0 ] },
                "down": { "texture": "#1", "uv": [ 3.0, 0.0, 3.8, 16.0 ] }
            }
        },
        {
            "name": "RailRight1",
            "from": [ 13.5, 0.5, 0.0 ], 
            "to": [ 14.0, 1.0, 16.0 ], 
            "faces": {
                "north": { "texture": "#1", "uv": [ 0.0, 0.0, 0.5, 0.5 ] },
                "east": { "texture": "#1", "uv": [ 0.0, 0.0, 16.0, 0.5 ] },
                "south": { "texture": "#1", "uv": [ 0.0, 0.0, 0.5, 0.5 ] },
                "west": { "texture": "#1", "uv": [ 0.0, 0.0, 16.0, 0.5 ] },
                "up": { "texture": "#1", "uv": [ 0.0, 0.0, 0.5, 16.0 ] },
                "down": { "texture": "#1", "uv": [ 0.0, 0.0, 0.5, 16.0 ] }
            }
        },
        {
            "name": "Plank3",
            "from": [ 0.5, -0.5, 12.0 ], 
            "to": [ 15.5, 0.5, 14.0 ], 
            "faces": {
                "north": { "texture": "#0", "uv": [ 2.0, 1.0, 3.0, 16.0 ], "rotation": 270 },
                "east": { "texture": "#0", "uv": [ 0.0, 0.0, 2.0, 1.0 ], "rotation": 270 },
                "south": { "texture": "#0", "uv": [ 1.0, 1.0, 2.0, 16.0 ], "rotation": 270 },
                "west": { "texture": "#0", "uv": [ 0.0, 0.0, 1.0, 2.0 ], "rotation": 270 },
                "up": { "texture": "#0", "uv": [ 2.0, 1.0, 4.0, 16.0 ], "rotation": 270 },
                "down": { "texture": "#0", "uv": [ 4.0, 1.0, 6.0, 16.0 ], "rotation": 270 }
            }
        },
        {
            "name": "Plank2",
            "from": [ 0.5, -0.5, 7.0 ], 
            "to": [ 15.5, 0.5, 9.0 ], 
            "faces": {
                "north": { "texture": "#0", "uv": [ 8.0, 1.0, 9.0, 16.0 ], "rotation": 90 },
                "east": { "texture": "#0", "uv": [ 3.0, 0.0, 5.0, 1.0 ], "rotation": 90 },
                "south": { "texture": "#0", "uv": [ 3.0, 1.0, 4.0, 16.0 ], "rotation": 90 },
                "west": { "texture": "#0", "uv": [ 3.0, 4.0, 5.0, 5.0 ] },
                "up": { "texture": "#0", "uv": [ 8.0, 1.0, 10.0, 16.0 ], "rotation": 90 },
                "down": { "texture": "#0", "uv": [ 7.0, 1.0, 9.0, 16.0 ], "rotation": 90 }
            }
        }
    ]
}