{
    "__comment": "Model generated using MrCrayfish's Model Creator (http://mrcrayfish.com/modelcreator/)",
    "textures": {
		"particle": "block/oak_planks",
        "0": "block/oak_planks",
        "1": "block/iron_block"
    },
    "elements": [
        {
            "name": "Plank1",
            "from": [ 15.0, -0.51, 0.5 ], 
            "to": [ 17.0, 0.49, 15.5 ], 
            "rotation": { "origin": [ 16.0, 0.0, 16.0 ], "axis": "y", "angle": 22.5 },
            "faces": {
                "north": { "texture": "#0", "uv": [ 0.0, 1.0, 2.0, 2.0 ] },
                "east": { "texture": "#0", "uv": [ 0.0, 1.0, 1.0, 16.0 ], "rotation": 90 },
                "south": { "texture": "#0", "uv": [ 0.0, 2.0, 1.0, 0.0 ], "rotation": 90 },
                "west": { "texture": "#0", "uv": [ 0.0, 1.0, 1.0, 16.0 ], "rotation": 90 },
                "up": { "texture": "#0", "uv": [ 0.0, 1.0, 2.0, 16.0 ] },
                "down": { "texture": "#0", "uv": [ 0.0, 1.0, 2.0, 16.0 ] }
            }
        },
        {
            "name": "RailOuter",
            "from": [ 3.1, 0.491, 10.6 ], 
            "to": [ 3.6, 0.991, 21.4 ], 
            "rotation": { "origin": [ 16.0, 0.0, 16.0 ], "axis": "y", "angle": -22.5 },
            "faces": {
                "north": { "texture": "#1", "uv": [ 0.0, 0.0, 0.5, 0.5 ] },
                "east": { "texture": "#1", "uv": [ 0.0, 0.0, 10.8, 0.5 ] },
                "south": { "texture": "#1", "uv": [ 0.0, 0.0, 0.5, 0.5 ] },
                "west": { "texture": "#1", "uv": [ 0.0, 0.0, 10.8, 0.5 ] },
                "up": { "texture": "#1", "uv": [ 0.0, 0.0, 0.5, 10.8 ] },
                "down": { "texture": "#1", "uv": [ 0.0, 0.0, 0.5, 10.8 ] }
            }
        },
        {
            "name": "RailOuter",
            "from": [ 3.5999999999999996, 0.491, 10.7 ], 
            "to": [ 4.3999999999999995, 1.491, 21.2 ], 
            "rotation": { "origin": [ 16.0, 0.0, 16.0 ], "axis": "y", "angle": -22.5 },
            "faces": {
                "north": { "texture": "#1", "uv": [ 0.0, 0.0, 0.8, 1.0 ] },
                "east": { "texture": "#1", "uv": [ 0.0, 0.0, 10.5, 1.0 ] },
                "south": { "texture": "#1", "uv": [ 0.0, 0.0, 0.8, 1.0 ] },
                "west": { "texture": "#1", "uv": [ 0.0, 1.0, 10.5, 2.0 ] },
                "up": { "texture": "#1", "uv": [ 2.0, 0.0, 2.8, 10.5 ] },
                "down": { "texture": "#1", "uv": [ 2.0, 0.0, 2.8, 10.5 ] }
            }
        },
        {
            "name": "RailInner",
            "from": [ 13.0, 0.51, 14.7 ], 
            "to": [ 13.8, 1.51, 17.4 ], 
            "rotation": { "origin": [ 16.0, 0.0, 16.0 ], "axis": "y", "angle": -22.5 },
            "faces": {
                "north": { "texture": "#1", "uv": [ 0.0, 0.0, 0.7999999999999998, 1.0 ] },
                "east": { "texture": "#1", "uv": [ 0.0, 3.0, 3.0, 4.0 ] },
                "south": { "texture": "#1", "uv": [ 0.0, 0.0, 0.7999999999999998, 1.0 ] },
                "west": { "texture": "#1", "uv": [ 0.0, 0.0, 3.0, 1.0 ] },
                "up": { "texture": "#1", "uv": [ 0.0, 0.0, 1.0, 3.0 ] },
                "down": { "texture": "#1", "uv": [ 3.0, 0.0, 3.8, 4.7 ] }
            }
        },
        {
            "name": "RailInner",
            "from": [ 13.8, 0.51, 15.0 ], 
            "to": [ 14.3, 1.01, 17.0 ], 
            "rotation": { "origin": [ 16.0, 0.0, 16.0 ], "axis": "y", "angle": -22.5 },
            "faces": {
                "north": { "texture": "#1", "uv": [ 0.0, 0.0, 0.5, 0.5 ] },
                "east": { "texture": "#1", "uv": [ 0.0, 0.0, 3.0, 0.5 ] },
                "south": { "texture": "#1", "uv": [ 0.0, 0.0, 0.5, 0.5 ] },
                "west": { "texture": "#1", "uv": [ 0.0, 0.0, 3.0, 0.5 ] },
                "up": { "texture": "#1", "uv": [ 0.0, 0.0, 0.5, 3.0 ] },
                "down": { "texture": "#1", "uv": [ 0.0, 0.0, 0.5, 3.0 ] }
            }
        },
        {
            "name": "Plank3",
            "from": [ 0.5, -0.5, 15.0 ], 
            "to": [ 15.5, 0.5, 17.0 ], 
            "rotation": { "origin": [ 16.0, 0.0, 16.0 ], "axis": "y", "angle": -45.0 },
            "faces": {
                "north": { "texture": "#0", "uv": [ 2.0, 1.0, 3.0, 16.0 ], "rotation": 270 },
                "east": { "texture": "#0", "uv": [ 0.0, 0.0, 2.0, 1.0 ], "rotation": 270 },
                "south": { "texture": "#0", "uv": [ 1.0, 1.0, 2.0, 16.0 ], "rotation": 270 },
                "west": { "texture": "#0", "uv": [ 0.0, 0.0, 1.0, 2.0 ], "rotation": 270 },
                "up": { "texture": "#0", "uv": [ 2.0, 1.0, 4.0, 16.0 ], "rotation": 270 },
                "down": { "texture": "#0", "uv": [ 4.0, 1.0, 6.0, 16.0 ], "rotation": 270 }
            }
        },
        {
            "name": "Plank2",
            "from": [ 0.5, -0.49, 15.0 ], 
            "to": [ 15.5, 0.51, 17.0 ], 
            "rotation": { "origin": [ 16.0, 0.0, 16.0 ], "axis": "y", "angle": -22.5 },
            "faces": {
                "north": { "texture": "#0", "uv": [ 8.0, 1.0, 9.0, 16.0 ], "rotation": 90 },
                "east": { "texture": "#0", "uv": [ 3.0, 0.0, 5.0, 1.0 ], "rotation": 90 },
                "south": { "texture": "#0", "uv": [ 3.0, 1.0, 4.0, 16.0 ], "rotation": 90 },
                "west": { "texture": "#0", "uv": [ 3.0, 4.0, 5.0, 5.0 ] },
                "up": { "texture": "#0", "uv": [ 8.0, 1.0, 10.0, 16.0 ], "rotation": 90 },
                "down": { "texture": "#0", "uv": [ 7.0, 1.0, 9.0, 16.0 ], "rotation": 90 }
            }
        },
        {
            "name": "RailOuter2",
            "from": [ 10.7, 0.48, 3.0 ], 
            "to": [ 21.299999999999997, 0.98, 3.5 ], 
            "rotation": { "origin": [ 16.0, 0.0, 16.0 ], "axis": "y", "angle": 22.5 },
            "faces": {
                "north": { "texture": "#1", "uv": [ 0.0, 0.0, 10.6, 0.5 ] },
                "east": { "texture": "#1", "uv": [ 0.0, 0.0, 0.5, 0.5 ] },
                "south": { "texture": "#1", "uv": [ 0.0, 0.0, 10.6, 0.5 ] },
                "west": { "texture": "#1", "uv": [ 0.0, 0.0, 0.5, 0.5 ] },
                "up": { "texture": "#1", "uv": [ 0.0, 0.0, 9.6, 0.5 ] },
                "down": { "texture": "#1", "uv": [ 0.0, 0.0, 10.6, 0.5 ] }
            }
        },
        {
            "name": "RailOuter2",
            "from": [ 11.0, 0.48, 3.5 ], 
            "to": [ 21.2, 1.48, 4.3 ], 
            "rotation": { "origin": [ 16.0, 0.0, 16.0 ], "axis": "y", "angle": 22.5 },
            "faces": {
                "north": { "texture": "#1", "uv": [ 0.0, 0.0, 11.2, 1.0 ] },
                "east": { "texture": "#1", "uv": [ 0.0, 0.0, 0.8, 1.0 ] },
                "south": { "texture": "#1", "uv": [ 0.0, 0.0, 10.2, 1.0 ] },
                "west": { "texture": "#1", "uv": [ 0.0, 1.0, 0.8, 2.0 ] },
                "up": { "texture": "#1", "uv": [ 2.0, 0.0, 12.2, 0.8 ] },
                "down": { "texture": "#1", "uv": [ 2.0, 0.0, 12.2, 0.8 ] }
            }
        },
        {
            "name": "RailInner2",
            "from": [ 14.8, 0.49, 13.0 ], 
            "to": [ 17.3, 1.49, 13.8 ], 
            "rotation": { "origin": [ 16.0, 0.0, 16.0 ], "axis": "y", "angle": 22.5 },
            "faces": {
                "north": { "texture": "#1", "uv": [ 0.0, 0.0, 0.7999999999999998, 3.0 ], "rotation": 90 },
                "east": { "texture": "#1", "uv": [ 0.0, 3.0, 0.7000000000000002, 4.0 ], "rotation": 90 },
                "south": { "texture": "#1", "uv": [ 0.0, 0.0, 0.7999999999999998, 3.0 ], "rotation": 90 },
                "west": { "texture": "#1", "uv": [ 0.0, 1.0, 0.7000000000000002, 2.0 ], "rotation": 90 },
                "up": { "texture": "#1", "uv": [ 3.0, 0.0, 3.8, 3.0 ], "rotation": 90 },
                "down": { "texture": "#1", "uv": [ 3.0, 0.0, 3.8, 4.7 ], "rotation": 90 }
            }
        },
        {
            "name": "RailInner2",
            "from": [ 15.0, 0.4900000000000002, 13.8 ], 
            "to": [ 17.0, 0.9900000000000002, 14.3 ], 
            "rotation": { "origin": [ 16.0, 0.0, 16.0 ], "axis": "y", "angle": 22.5 },
            "faces": {
                "north": { "texture": "#1", "uv": [ 0.0, 0.0, 3.0, 0.5 ] },
                "east": { "texture": "#1", "uv": [ 0.0, 0.0, 1.0, 0.5 ] },
                "south": { "texture": "#1", "uv": [ 0.0, 0.0, 3.0, 0.5 ] },
                "west": { "texture": "#1", "uv": [ 0.0, 0.0, 1.0, 0.5 ] },
                "up": { "texture": "#1", "uv": [ 0.0, 0.0, 3.0, 1.0 ] },
                "down": { "texture": "#1", "uv": [ 0.0, 0.0, 3.0, 0.5 ] }
            }
        }
    ]
}