{
    "__comment": "Model generated using MrCrayfish's Model Creator (http://mrcrayfish.com/modelcreator/)",
	"parent": "block/block",
    "textures": {
        "particle": "block/oak_planks",
        "0": "block/oak_planks",
        "1": "block/iron_block"
    },
    "elements": [
        {
            "name": "Plank1",
            "from": [ 0.5, 7.5, 15.0 ], 
            "to": [ 15.5, 8.5, 17.0 ], 
            "rotation": { "origin": [ 8.0, 9.0, 8.0 ], "axis": "x", "angle": 45.0 },
            "faces": {
                "north": { "texture": "#0", "uv": [ 0.0, 1.0, 1.0, 16.0 ], "rotation": 90 },
                "east": { "texture": "#0", "uv": [ 0.0, 0.0, 2.0, 1.0 ] },
                "south": { "texture": "#0", "uv": [ 0.0, 1.0, 1.0, 16.0 ], "rotation": 90 },
                "west": { "texture": "#0", "uv": [ 0.0, 0.0, 1.0, 2.0 ], "rotation": 90 },
                "up": { "texture": "#0", "uv": [ 0.0, 1.0, 2.0, 16.0 ], "rotation": 90 },
                "down": { "texture": "#0", "uv": [ 0.0, 1.0, 2.0, 16.0 ], "rotation": 90 }
            }
        },
        {
            "name": "Left1",
            "from": [ 2.01, 16.5, 0.1 ], 
            "to": [ 2.51, 17.0, 22.700000000000003 ], 
            "rotation": { "origin": [ 8.0, 17.0, 0.0 ], "axis": "x", "angle": 45.0 },
            "faces": {
                "north": { "texture": "#1", "uv": [ 0.0, 0.0, 0.5, 0.5 ] },
                "east": { "texture": "#1", "uv": [ 0.0, 0.0, 16.0, 0.5 ] },
                "south": { "texture": "#1", "uv": [ 0.0, 0.0, 0.5, 0.5 ] },
                "west": { "texture": "#1", "uv": [ 0.0, 0.0, 16.0, 0.5 ] },
                "up": { "texture": "#1", "uv": [ 0.0, 0.0, 0.5, 16.0 ] },
                "down": { "texture": "#1", "uv": [ 0.0, 0.0, 0.5, 16.0 ] }
            }
        },
        {
            "name": "Left2",
            "from": [ 2.51, 16.5, -0.2 ], 
            "to": [ 3.3099999999999996, 17.5, 22.400000000000002 ], 
            "rotation": { "origin": [ 8.0, 17.0, 0.0 ], "axis": "x", "angle": 45.0 },
            "faces": {
                "north": { "texture": "#1", "uv": [ 0.0, 0.0, 0.8, 1.0 ] },
                "east": { "texture": "#1", "uv": [ 0.0, 0.0, 16.0, 1.0 ] },
                "south": { "texture": "#1", "uv": [ 0.0, 0.0, 0.8, 1.0 ] },
                "west": { "texture": "#1", "uv": [ 0.0, 1.0, 16.0, 2.0 ] },
                "up": { "texture": "#1", "uv": [ 2.0, 0.0, 2.8, 16.0 ] },
                "down": { "texture": "#1", "uv": [ 2.0, 0.0, 2.8, 16.0 ] }
            }
        },
        {
            "name": "Right2",
            "from": [ 12.69, 16.5, -0.19999999999999996 ], 
            "to": [ 13.49, 17.5, 22.400000000000002 ], 
            "rotation": { "origin": [ 8.0, 17.0, 0.0 ], "axis": "x", "angle": 45.0 },
            "faces": {
                "north": { "texture": "#1", "uv": [ 0.0, 0.0, 0.8, 1.0 ] },
                "east": { "texture": "#1", "uv": [ 0.0, 3.0, 16.0, 4.0 ] },
                "south": { "texture": "#1", "uv": [ 0.0, 0.0, 0.8, 1.0 ] },
                "west": { "texture": "#1", "uv": [ 0.0, 1.0, 16.0, 2.0 ] },
                "up": { "texture": "#1", "uv": [ 3.0, 0.0, 3.8, 16.0 ] },
                "down": { "texture": "#1", "uv": [ 3.0, 0.0, 3.8, 16.0 ] }
            }
        },
        {
            "name": "Right1",
            "from": [ 13.49, 16.5, 0.1 ], 
            "to": [ 13.99, 17.0, 22.700000000000003 ], 
            "rotation": { "origin": [ 8.0, 17.0, 0.0 ], "axis": "x", "angle": 45.0 },
            "faces": {
                "north": { "texture": "#1", "uv": [ 0.0, 0.0, 0.5, 0.5 ] },
                "east": { "texture": "#1", "uv": [ 0.0, 0.0, 16.0, 0.5 ] },
                "south": { "texture": "#1", "uv": [ 0.0, 0.0, 0.5, 0.5 ] },
                "west": { "texture": "#1", "uv": [ 0.0, 0.0, 16.0, 0.5 ] },
                "up": { "texture": "#1", "uv": [ 0.0, 0.0, 0.5, 16.0 ] },
                "down": { "texture": "#1", "uv": [ 0.0, 0.0, 0.5, 16.0 ] }
            }
        },
        {
            "name": "Plank2",
            "from": [ 0.5, 7.5, 10.0 ], 
            "to": [ 15.5, 8.5, 12.0 ], 
            "rotation": { "origin": [ 8.0, 9.0, 8.0 ], "axis": "x", "angle": 45.0 },
            "faces": {
                "north": { "texture": "#0", "uv": [ 0.0, 1.0, 1.0, 16.0 ], "rotation": 90 },
                "east": { "texture": "#0", "uv": [ 0.0, 0.0, 2.0, 1.0 ] },
                "south": { "texture": "#0", "uv": [ 0.0, 1.0, 1.0, 16.0 ], "rotation": 90 },
                "west": { "texture": "#0", "uv": [ 0.0, 0.0, 1.0, 2.0 ] },
                "up": { "texture": "#0", "uv": [ 0.0, 1.0, 2.0, 16.0 ], "rotation": 90 },
                "down": { "texture": "#0", "uv": [ 0.0, 1.0, 2.0, 16.0 ], "rotation": 90 }
            }
        },
        {
            "name": "Plank3",
            "from": [ 0.5, 7.5, 5.0 ], 
            "to": [ 15.5, 8.5, 7.0 ], 
            "rotation": { "origin": [ 8.0, 9.0, 8.0 ], "axis": "x", "angle": 45.0 },
            "faces": {
                "north": { "texture": "#0", "uv": [ 0.0, 1.0, 1.0, 16.0 ], "rotation": 90 },
                "east": { "texture": "#0", "uv": [ 0.0, 0.0, 2.0, 1.0 ] },
                "south": { "texture": "#0", "uv": [ 0.0, 1.0, 1.0, 16.0 ], "rotation": 90 },
                "west": { "texture": "#0", "uv": [ 0.0, 0.0, 1.0, 2.0 ] },
                "up": { "texture": "#0", "uv": [ 0.0, 1.0, 2.0, 16.0 ], "rotation": 90 },
                "down": { "texture": "#0", "uv": [ 0.0, 1.0, 2.0, 16.0 ], "rotation": 90 }
            }
        },
        {
            "name": "Plank4",
            "from": [ 0.5, 7.5, 0.0 ], 
            "to": [ 15.5, 8.5, 2.0 ], 
            "rotation": { "origin": [ 8.0, 9.0, 8.0 ], "axis": "x", "angle": 45.0 },
            "faces": {
                "north": { "texture": "#0", "uv": [ 0.0, 1.0, 1.0, 16.0 ], "rotation": 90 },
                "east": { "texture": "#0", "uv": [ 0.0, 0.0, 2.0, 1.0 ] },
                "south": { "texture": "#0", "uv": [ 0.0, 1.0, 1.0, 16.0 ], "rotation": 90 },
                "west": { "texture": "#0", "uv": [ 0.0, 0.0, 1.0, 2.0 ] },
                "up": { "texture": "#0", "uv": [ 0.0, 1.0, 2.0, 16.0 ], "rotation": 90 },
                "down": { "texture": "#0", "uv": [ 0.0, 1.0, 2.0, 16.0 ], "rotation": 90 }
            }
        },
        {
            "name": "BraceL",
            "from": [ 2.0, 5.0, -2.0 ], 
            "to": [ 3.0, 7.0, 16.0 ], 
            "rotation": { "origin": [ 8.0, 7.0, 8.0 ], "axis": "x", "angle": 45.0 },
            "faces": {
                "north": { "texture": "#0", "uv": [ 0.0, 0.0, 1.0, 2.0 ] },
                "east": { "texture": "#0", "uv": [ 0.0, 0.0, 18.0, 2.0 ] },
                "south": { "texture": "#0", "uv": [ 0.0, 0.0, 1.0, 2.0 ] },
                "west": { "texture": "#0", "uv": [ 0.0, 0.0, 18.0, 2.0 ] },
                "up": { "texture": "#0", "uv": [ 0.0, 0.0, 1.0, 18.0 ] },
                "down": { "texture": "#0", "uv": [ 0.0, 0.0, 1.0, 18.0 ] }
            }
        },
        {
            "name": "BraceR",
            "from": [ 13.0, 5.0, -2.0 ], 
            "to": [ 14.0, 7.0, 16.0 ], 
            "rotation": { "origin": [ 8.0, 7.0, 8.0 ], "axis": "x", "angle": 45.0 },
            "faces": {
                "north": { "texture": "#0", "uv": [ 0.0, 0.0, 1.0, 2.0 ] },
                "east": { "texture": "#0", "uv": [ 0.0, 0.0, 18.0, 2.0 ] },
                "south": { "texture": "#0", "uv": [ 0.0, 0.0, 1.0, 2.0 ] },
                "west": { "texture": "#0", "uv": [ 0.0, 0.0, 18.0, 2.0 ] },
                "up": { "texture": "#0", "uv": [ 0.0, 0.0, 1.0, 18.0 ] },
                "down": { "texture": "#0", "uv": [ 0.0, 0.0, 1.0, 18.0 ] }
            }
        },
        {
            "name": "StandL",
            "from": [ 1.0, 0.0, 3.0 ], 
            "to": [ 2.0, 12.0, 5.0 ], 
            "faces": {
                "north": { "texture": "#0", "uv": [ 0.0, 0.0, 1.0, 12.0 ] },
                "east": { "texture": "#0", "uv": [ 0.0, 0.0, 2.0, 12.0 ] },
                "south": { "texture": "#0", "uv": [ 0.0, 0.0, 1.0, 12.0 ] },
                "west": { "texture": "#0", "uv": [ 0.0, 0.0, 2.0, 12.0 ] },
                "up": { "texture": "#0", "uv": [ 0.0, 0.0, 1.0, 2.0 ] },
                "down": { "texture": "#0", "uv": [ 0.0, 0.0, 1.0, 2.0 ] }
            }
        },
        {
            "name": "StandR",
            "from": [ 14.0, 0.0, 3.0 ], 
            "to": [ 15.0, 12.0, 5.0 ], 
            "faces": {
                "north": { "texture": "#0", "uv": [ 0.0, 0.0, 1.0, 12.0 ] },
                "east": { "texture": "#0", "uv": [ 0.0, 0.0, 2.0, 12.0 ] },
                "south": { "texture": "#0", "uv": [ 0.0, 0.0, 1.0, 12.0 ] },
                "west": { "texture": "#0", "uv": [ 0.0, 0.0, 2.0, 12.0 ] },
                "up": { "texture": "#0", "uv": [ 0.0, 0.0, 1.0, 2.0 ] },
                "down": { "texture": "#0", "uv": [ 0.0, 0.0, 1.0, 2.0 ] }
            }
        },
        {
            "name": "Brace1",
            "from": [ 3.0, 0.0, 2.0 ], 
            "to": [ 11.0, 2.0, 3.0 ], 
            "rotation": { "origin": [ 8.0, 8.0, 2.0 ], "axis": "z", "angle": 45.0 },
            "faces": {
                "north": { "texture": "#0", "uv": [ 0.0, 0.0, 2.0, 9.0 ], "rotation": 90 },
                "east": { "texture": "#0", "uv": [ 0.0, 0.0, 1.0, 2.0 ] },
                "south": { "texture": "#0", "uv": [ 0.0, 0.0, 2.0, 9.0 ], "rotation": 90 },
                "west": { "texture": "#0", "uv": [ 0.0, 0.0, 1.0, 2.0 ] },
                "up": { "texture": "#0", "uv": [ 0.0, 0.0, 1.0, 9.0 ], "rotation": 90 },
                "down": { "texture": "#0", "uv": [ 0.0, 0.0, 2.0, 10.0 ], "rotation": 90 }
            }
        },
        {
            "name": "Brace2",
            "from": [ 5.0, 0.0, 2.0 ], 
            "to": [ 13.0, 2.0, 3.0 ], 
            "rotation": { "origin": [ 8.0, 8.0, 2.0 ], "axis": "z", "angle": -45.0 },
            "faces": {
                "north": { "texture": "#0", "uv": [ 0.0, 0.0, 2.0, 8.0 ], "rotation": 90 },
                "east": { "texture": "#0", "uv": [ 0.0, 0.0, 1.0, 2.0 ] },
                "south": { "texture": "#0", "uv": [ 0.0, 0.0, 2.0, 8.0 ], "rotation": 90 },
                "west": { "texture": "#0", "uv": [ 0.0, 0.0, 1.0, 2.0 ] },
                "up": { "texture": "#0", "uv": [ 2.0, 1.0, 3.0, 9.0 ], "rotation": 90 },
                "down": { "texture": "#0", "uv": [ 3.0, 1.0, 4.0, 9.0 ], "rotation": 90 }
            }
        },
        {
            "name": "Brace3",
            "from": [ 0.5, 6.0, 2.0 ], 
            "to": [ 15.5, 8.0, 3.0 ], 
            "faces": {
                "north": { "texture": "#0", "uv": [ 0.0, 1.0, 2.0, 16.0 ], "rotation": 90 },
                "east": { "texture": "#0", "uv": [ 0.0, 0.0, 1.0, 2.0 ] },
                "south": { "texture": "#0", "uv": [ 0.0, 1.0, 2.0, 16.0 ], "rotation": 90 },
                "west": { "texture": "#0", "uv": [ 0.0, 0.0, 1.0, 2.0 ] },
                "up": { "texture": "#0", "uv": [ 0.0, 1.0, 1.0, 16.0 ], "rotation": 90 },
                "down": { "texture": "#0", "uv": [ 0.0, 1.0, 1.0, 16.0 ], "rotation": 90 }
            }
        }
    ]
}