{
	"credit": "Made with Blockbench",
	"parent": "block/block",
	"textures": {
		"0": "block/custom_model_textures/bobblehead/vaultboy_full",
		"1": "block/custom_model_textures/bobblehead/nameplate",
		"2": "block/custom_model_textures/bobblehead/base",
		"particle": "block/custom_model_textures/bobblehead/vaultboy_full"
	},
	"elements": [
		{
			"name": "base",
			"from": [4, 0, 4],
			"to": [12, 1, 12],
			"rotation": {"angle": -45, "axis": "y", "origin": [8, 8, 8]},
			"faces": {
				"north": {"uv": [0, 0, 16, 2], "texture": "#2"},
				"east": {"uv": [0, 6, 16, 8], "texture": "#2"},
				"south": {"uv": [0, 2, 16, 4], "texture": "#2"},
				"west": {"uv": [0, 4, 16, 6], "texture": "#2"},
				"up": {"uv": [0, 0, 16, 16], "texture": "#2"},
				"down": {"uv": [0, 0, 16, 16], "texture": "#2"}
			}
		},
		{
			"name": "nameplate",
			"from": [5, 0.75, 3.5],
			"to": [11, 2.25, 4],
			"rotation": {"angle": 22.5, "axis": "x", "origin": [8, 1.5, 3.5]},
			"faces": {
				"north": {"uv": [0, 0, 16, 8], "texture": "#1"},
				"east": {"uv": [12, 8, 14, 16], "texture": "#1"},
				"south": {"uv": [0, 8, 16, 16], "texture": "#1"},
				"west": {"uv": [2, 8, 4, 16], "texture": "#1"},
				"up": {"uv": [0, 8, 16, 10], "texture": "#1"},
				"down": {"uv": [0, 14, 16, 16], "texture": "#1"}
			}
		},
		{
			"name": "leg_r",
			"from": [6.4, 1, 7],
			"to": [7.9, 6, 8.5],
			"rotation": {"angle": 0, "axis": "x", "origin": [7.15, 6, 7.75]},
			"faces": {
				"north": {"uv": [5, 13, 6, 16], "texture": "#0"},
				"east": {"uv": [4, 13, 5, 16], "texture": "#0"},
				"south": {"uv": [7, 13, 8, 16], "texture": "#0"},
				"west": {"uv": [6, 13, 7, 16], "texture": "#0"},
				"up": {"uv": [6, 12, 5, 13], "texture": "#0"},
				"down": {"uv": [7, 12, 6, 13], "texture": "#0"}
			}
		},
		{
			"name": "pants_r",
			"from": [6.3, 0.9, 6.9],
			"to": [8, 6.1, 8.6],
			"rotation": {"angle": 0, "axis": "x", "origin": [7.15, 6, 7.75]},
			"faces": {
				"north": {"uv": [1, 13, 2, 16], "texture": "#0"},
				"east": {"uv": [1, 13, 0, 16], "texture": "#0"},
				"south": {"uv": [3, 13, 4, 16], "texture": "#0"},
				"west": {"uv": [2, 13, 3, 16], "texture": "#0"},
				"up": {"uv": [2, 12, 1, 13], "texture": "#0"},
				"down": {"uv": [3, 12, 2, 13], "texture": "#0"}
			}
		},
		{
			"name": "leg_l",
			"from": [8.1, 1, 7],
			"to": [9.6, 6, 8.5],
			"rotation": {"angle": 0, "axis": "x", "origin": [8.85, 6, 7.75]},
			"faces": {
				"north": {"uv": [1, 5, 2, 8], "texture": "#0"},
				"east": {"uv": [0, 5, 1, 8], "texture": "#0"},
				"south": {"uv": [3, 5, 4, 8], "texture": "#0"},
				"west": {"uv": [2, 5, 3, 8], "texture": "#0"},
				"up": {"uv": [1, 4, 2, 5], "rotation": 180, "texture": "#0"},
				"down": {"uv": [2, 5, 3, 4], "rotation": 180, "texture": "#0"}
			}
		},
		{
			"name": "pants_l",
			"from": [8, 0.9, 6.9],
			"to": [9.7, 6.1, 8.6],
			"rotation": {"angle": 0, "axis": "x", "origin": [8.85, 6, 7.75]},
			"faces": {
				"north": {"uv": [1, 9, 2, 12], "texture": "#0"},
				"east": {"uv": [0, 9, 1, 12], "texture": "#0"},
				"south": {"uv": [3, 9, 4, 12], "texture": "#0"},
				"west": {"uv": [2, 9, 3, 12], "texture": "#0"},
				"up": {"uv": [1, 8, 2, 9], "rotation": 180, "texture": "#0"},
				"down": {"uv": [2, 9, 3, 8], "rotation": 180, "texture": "#0"}
			}
		},
		{
			"name": "arm_r",
			"from": [4.9, 6, 6.9],
			"to": [6.4, 11, 8.4],
			"rotation": {"angle": 0, "axis": "x", "origin": [5.65, 10, 7.75]},
			"faces": {
				"north": {"uv": [9, 13, 10, 16], "texture": "#0"},
				"east": {"uv": [9, 13, 8, 16], "texture": "#0"},
				"south": {"uv": [11, 13, 12, 16], "texture": "#0"},
				"west": {"uv": [10, 13, 11, 16], "texture": "#0"},
				"up": {"uv": [10, 13, 9, 12], "texture": "#0"},
				"down": {"uv": [11, 12, 10, 13], "texture": "#0"}
			}
		},
		{
			"name": "sleeve_r",
			"from": [4.8, 5.9, 6.8],
			"to": [6.5, 11.1, 8.5],
			"rotation": {"angle": 0, "axis": "x", "origin": [5.65, 10, 7.75]},
			"faces": {
				"north": {"uv": [13, 13, 14, 16], "texture": "#0"},
				"east": {"uv": [13, 13, 12, 16], "texture": "#0"},
				"south": {"uv": [15, 13, 16, 16], "texture": "#0"},
				"west": {"uv": [14, 13, 15, 16], "texture": "#0"},
				"up": {"uv": [14, 13, 13, 12], "texture": "#0"},
				"down": {"uv": [15, 12, 14, 13], "texture": "#0"}
			}
		},
		{
			"name": "arm_l",
			"from": [9.6, 6, 7],
			"to": [11.1, 11, 8.5],
			"rotation": {"angle": 0, "axis": "x", "origin": [10.35, 10, 7.75]},
			"faces": {
				"north": {"uv": [11, 5, 12, 8], "texture": "#0"},
				"east": {"uv": [10, 5, 11, 8], "texture": "#0"},
				"south": {"uv": [13, 5, 14, 8], "texture": "#0"},
				"west": {"uv": [12, 5, 13, 8], "texture": "#0"},
				"up": {"uv": [11, 4, 12, 5], "rotation": 180, "texture": "#0"},
				"down": {"uv": [12, 5, 13, 4], "rotation": 180, "texture": "#0"}
			}
		},
		{
			"name": "sleeve_l",
			"from": [9.5, 5.9, 6.9],
			"to": [11.2, 11.1, 8.6],
			"rotation": {"angle": 0, "axis": "x", "origin": [10.35, 10, 7.75]},
			"faces": {
				"north": {"uv": [11, 9, 12, 12], "texture": "#0"},
				"east": {"uv": [10, 9, 11, 12], "texture": "#0"},
				"south": {"uv": [13, 9, 14, 12], "texture": "#0"},
				"west": {"uv": [12, 9, 13, 12], "texture": "#0"},
				"up": {"uv": [11, 8, 12, 9], "rotation": 180, "texture": "#0"},
				"down": {"uv": [12, 9, 13, 8], "rotation": 180, "texture": "#0"}
			}
		},
		{
			"name": "torso",
			"from": [6.5, 6, 7],
			"to": [9.5, 11, 8.5],
			"faces": {
				"north": {"uv": [5, 5, 7, 8], "texture": "#0"},
				"east": {"uv": [4, 5, 5, 8], "texture": "#0"},
				"south": {"uv": [8, 5, 10, 8], "texture": "#0"},
				"west": {"uv": [7, 5, 8, 8], "texture": "#0"},
				"up": {"uv": [5, 4, 7, 5], "rotation": 180, "texture": "#0"},
				"down": {"uv": [9, 4, 7, 5], "texture": "#0"}
			}
		},
		{
			"name": "jacket",
			"from": [6.4, 5.9, 6.9],
			"to": [9.6, 11.1, 8.6],
			"faces": {
				"north": {"uv": [5, 9, 7, 12], "texture": "#0"},
				"east": {"uv": [4, 9, 5, 12], "texture": "#0"},
				"south": {"uv": [8, 9, 10, 12], "texture": "#0"},
				"west": {"uv": [7, 9, 8, 12], "texture": "#0"},
				"up": {"uv": [5, 8, 7, 9], "rotation": 180, "texture": "#0"},
				"down": {"uv": [9, 8, 7, 9], "texture": "#0"}
			}
		},
		{
			"name": "head",
			"from": [6.5, 11, 6.25],
			"to": [9.5, 14, 9.25],
			"rotation": {"angle": 0, "axis": "y", "origin": [8, 11, 7.75]},
			"faces": {
				"north": {"uv": [2, 2, 4, 4], "texture": "#0"},
				"east": {"uv": [0, 2, 2, 4], "texture": "#0"},
				"south": {"uv": [6, 2, 8, 4], "texture": "#0"},
				"west": {"uv": [4, 2, 6, 4], "texture": "#0"},
				"up": {"uv": [2, 0, 4, 2], "rotation": 180, "texture": "#0"},
				"down": {"uv": [6, 0, 4, 2], "texture": "#0"}
			}
		},
		{
			"name": "helmet",
			"from": [6.4, 10.9, 6.15],
			"to": [9.6, 14.1, 9.35],
			"rotation": {"angle": 0, "axis": "y", "origin": [8, 11, 7.75]},
			"faces": {
				"north": {"uv": [10, 2, 12, 4], "texture": "#0"},
				"east": {"uv": [8, 2, 10, 4], "texture": "#0"},
				"south": {"uv": [14, 2, 16, 4], "texture": "#0"},
				"west": {"uv": [12, 2, 14, 4], "texture": "#0"},
				"up": {"uv": [10, 0, 12, 2], "rotation": 180, "texture": "#0"},
				"down": {"uv": [16, 0, 14, 2], "texture": "#0"}
			}
		}
	]
}