{
	"credit": "Made with Blockbench",
	"textures": {
		"1": "block/polished_andesite",
		"2": "block/polished_diorite",
		"particle": "block/polished_diorite"
	},
	"elements": [
		{
			"name": "Foot",
			"from": [8.1, 0.1, 6.1],
			"to": [9.9, 15.1, 7],
			"faces": {
				"north": {"uv": [4, 1, 6, 16], "texture": "#1"},
				"east": {"uv": [5, 0, 6, 15], "texture": "#1"},
				"south": {"uv": [10, 1, 12, 16], "texture": "#1"},
				"west": {"uv": [0, 0, 1, 15], "texture": "#1"},
				"up": {"uv": [3, 2, 5, 3], "texture": "#1"},
				"down": {"uv": [0, 0, 2, 1], "texture": "#1"}
			}
		},
		{
			"name": "Foot",
			"from": [8.6, 0.1, 7],
			"to": [9.4, 15.1, 9],
			"faces": {
				"north": {"uv": [4, 1, 6, 16], "texture": "#1"},
				"east": {"uv": [14, 0, 16, 15], "rotation": 180, "texture": "#1"},
				"south": {"uv": [10, 1, 12, 16], "texture": "#1"},
				"west": {"uv": [0, 0, 2, 15], "texture": "#1"},
				"up": {"uv": [3, 2, 5, 3], "texture": "#1"},
				"down": {"uv": [0, 0, 1, 2], "texture": "#1"}
			}
		},
		{
			"name": "Foot",
			"from": [8.1, 0.1, 9],
			"to": [9.9, 15.1, 9.9],
			"faces": {
				"north": {"uv": [4, 1, 6, 16], "texture": "#1"},
				"east": {"uv": [5, 0, 6, 15], "texture": "#1"},
				"south": {"uv": [10, 1, 12, 16], "texture": "#1"},
				"west": {"uv": [0, 0, 1, 15], "texture": "#1"},
				"up": {"uv": [3, 2, 5, 3], "texture": "#1"},
				"down": {"uv": [0, 0, 2, 1], "texture": "#1"}
			}
		},
		{
			"name": "Foot",
			"from": [6.1, 0.1, 9],
			"to": [7.9, 15.1, 9.9],
			"rotation": {"angle": 0, "axis": "y", "origin": [7, 7.5, 8]},
			"faces": {
				"north": {"uv": [10, 1, 12, 16], "texture": "#1"},
				"east": {"uv": [0, 0, 1, 15], "texture": "#1"},
				"south": {"uv": [4, 1, 6, 16], "texture": "#1"},
				"west": {"uv": [5, 0, 6, 15], "texture": "#1"},
				"up": {"uv": [3, 2, 5, 3], "rotation": 180, "texture": "#1"},
				"down": {"uv": [0, 0, 2, 1], "rotation": 180, "texture": "#1"}
			}
		},
		{
			"name": "Foot",
			"from": [6.6, 0.1, 7],
			"to": [7.4, 15.1, 9],
			"rotation": {"angle": 0, "axis": "y", "origin": [7, 7.5, 8]},
			"faces": {
				"north": {"uv": [10, 1, 12, 16], "texture": "#1"},
				"east": {"uv": [0, 0, 2, 15], "texture": "#1"},
				"south": {"uv": [4, 1, 6, 16], "texture": "#1"},
				"west": {"uv": [14, 0, 16, 15], "rotation": 180, "texture": "#1"},
				"up": {"uv": [3, 2, 5, 3], "rotation": 180, "texture": "#1"},
				"down": {"uv": [0, 0, 1, 2], "rotation": 180, "texture": "#1"}
			}
		},
		{
			"name": "Foot",
			"from": [6.1, 0.1, 6.1],
			"to": [7.9, 15.1, 7],
			"rotation": {"angle": 0, "axis": "y", "origin": [7, 7.5, 8]},
			"faces": {
				"north": {"uv": [10, 1, 12, 16], "texture": "#1"},
				"east": {"uv": [0, 0, 1, 15], "texture": "#1"},
				"south": {"uv": [4, 1, 6, 16], "texture": "#1"},
				"west": {"uv": [5, 0, 6, 15], "texture": "#1"},
				"up": {"uv": [3, 2, 5, 3], "rotation": 180, "texture": "#1"},
				"down": {"uv": [0, 0, 2, 1], "rotation": 180, "texture": "#1"}
			}
		},
		{
			"name": "rail",
			"from": [6, 13.88519, 4.27716],
			"to": [10, 13.88519, 6.27716],
			"rotation": {"angle": -22.5, "axis": "x", "origin": [8, 14, 4]},
			"faces": {
				"north": {"uv": [7, 5, 11, 7], "rotation": 180, "texture": "#2"},
				"east": {"uv": [7, 5, 11, 7], "rotation": 180, "texture": "#2"},
				"south": {"uv": [7, 5, 11, 7], "rotation": 180, "texture": "#2"},
				"west": {"uv": [7, 5, 11, 7], "rotation": 180, "texture": "#2"},
				"up": {"uv": [8, 7, 12, 9], "rotation": 180, "texture": "#2"},
				"down": {"uv": [3, 5, 7, 7], "rotation": 180, "texture": "#2"}
			}
		},
		{
			"name": "rail",
			"from": [8.84417, 8.30168, 5.99982],
			"to": [10.84417, 8.30168, 9.99982],
			"rotation": {"angle": -22.5, "axis": "z", "origin": [8, 5.5, 7.99982]},
			"faces": {
				"north": {"uv": [7, 5, 11, 7], "rotation": 180, "texture": "#2"},
				"east": {"uv": [7, 5, 11, 7], "rotation": 180, "texture": "#2"},
				"south": {"uv": [7, 5, 11, 7], "rotation": 180, "texture": "#2"},
				"west": {"uv": [7, 5, 11, 7], "rotation": 180, "texture": "#2"},
				"up": {"uv": [8, 7, 12, 9], "rotation": 270, "texture": "#2"},
				"down": {"uv": [3, 5, 7, 7], "rotation": 90, "texture": "#2"}
			}
		},
		{
			"name": "rail",
			"from": [6, 11.11481, 4.27716],
			"to": [10, 11.11481, 6.27716],
			"rotation": {"angle": 22.5, "axis": "x", "origin": [8, 11, 4]},
			"faces": {
				"north": {"uv": [7, 5, 11, 7], "rotation": 180, "texture": "#2"},
				"east": {"uv": [7, 5, 11, 7], "rotation": 180, "texture": "#2"},
				"south": {"uv": [7, 5, 11, 7], "rotation": 180, "texture": "#2"},
				"west": {"uv": [7, 5, 11, 7], "rotation": 180, "texture": "#2"},
				"up": {"uv": [9, 11, 13, 13], "rotation": 180, "texture": "#2"},
				"down": {"uv": [3, 6, 7, 8], "rotation": 180, "texture": "#2"}
			}
		},
		{
			"name": "rail",
			"from": [8.84417, 2.69832, 5.99982],
			"to": [10.84417, 2.69832, 9.99982],
			"rotation": {"angle": 22.5, "axis": "z", "origin": [8, 5.5, 7.99982]},
			"faces": {
				"north": {"uv": [7, 5, 11, 7], "rotation": 180, "texture": "#2"},
				"east": {"uv": [7, 5, 11, 7], "rotation": 180, "texture": "#2"},
				"south": {"uv": [7, 5, 11, 7], "rotation": 180, "texture": "#2"},
				"west": {"uv": [7, 5, 11, 7], "rotation": 180, "texture": "#2"},
				"up": {"uv": [9, 11, 13, 13], "rotation": 270, "texture": "#2"},
				"down": {"uv": [3, 6, 7, 8], "rotation": 90, "texture": "#2"}
			}
		},
		{
			"name": "rail",
			"from": [6, 11, 4.3],
			"to": [10, 14, 4.3],
			"rotation": {"angle": 0, "axis": "y", "origin": [8, 13, 5]},
			"faces": {
				"north": {"uv": [10, 13, 14, 16], "rotation": 180, "texture": "#2"},
				"east": {"uv": [7, 4, 11, 7], "rotation": 180, "texture": "#2"},
				"south": {"uv": [7, 4, 11, 7], "rotation": 180, "texture": "#2"},
				"west": {"uv": [7, 4, 11, 7], "rotation": 180, "texture": "#2"},
				"up": {"uv": [7, 4, 11, 7], "rotation": 180, "texture": "#2"},
				"down": {"uv": [7, 4, 11, 7], "rotation": 180, "texture": "#2"}
			}
		},
		{
			"name": "rail",
			"from": [11.69982, 4, 5.99982],
			"to": [11.69982, 7, 9.99982],
			"rotation": {"angle": 0, "axis": "y", "origin": [8, 5.5, 7.99982]},
			"faces": {
				"north": {"uv": [7, 4, 11, 7], "rotation": 180, "texture": "#2"},
				"east": {"uv": [10, 13, 14, 16], "rotation": 180, "texture": "#2"},
				"south": {"uv": [7, 4, 11, 7], "rotation": 180, "texture": "#2"},
				"west": {"uv": [7, 4, 11, 7], "rotation": 180, "texture": "#2"},
				"up": {"uv": [7, 4, 11, 7], "rotation": 270, "texture": "#2"},
				"down": {"uv": [7, 4, 11, 7], "rotation": 90, "texture": "#2"}
			}
		},
		{
			"name": "rail",
			"from": [6, 13.96173, 9.75681],
			"to": [10, 13.96173, 11.75681],
			"rotation": {"angle": 22.5, "axis": "x", "origin": [8, 14.12152, 11.8]},
			"faces": {
				"north": {"uv": [7, 5, 11, 7], "rotation": 180, "texture": "#2"},
				"east": {"uv": [7, 5, 11, 7], "rotation": 180, "texture": "#2"},
				"south": {"uv": [7, 5, 11, 7], "rotation": 180, "texture": "#2"},
				"west": {"uv": [7, 5, 11, 7], "rotation": 180, "texture": "#2"},
				"up": {"uv": [6, 7, 10, 9], "texture": "#2"},
				"down": {"uv": [4, 4, 8, 6], "texture": "#2"}
			}
		},
		{
			"name": "rail",
			"from": [5.15281, 8.29256, 5.99982],
			"to": [7.15281, 8.29256, 9.99982],
			"rotation": {"angle": 22.5, "axis": "z", "origin": [8, 5.5, 7.99982]},
			"faces": {
				"north": {"uv": [7, 5, 11, 7], "rotation": 180, "texture": "#2"},
				"east": {"uv": [7, 5, 11, 7], "rotation": 180, "texture": "#2"},
				"south": {"uv": [7, 5, 11, 7], "rotation": 180, "texture": "#2"},
				"west": {"uv": [7, 5, 11, 7], "rotation": 180, "texture": "#2"},
				"up": {"uv": [6, 7, 10, 9], "rotation": 90, "texture": "#2"},
				"down": {"uv": [4, 4, 8, 6], "rotation": 270, "texture": "#2"}
			}
		},
		{
			"name": "rail",
			"from": [6, 11.03827, 9.75681],
			"to": [10, 11.03827, 11.75681],
			"rotation": {"angle": -22.5, "axis": "x", "origin": [8, 10.87848, 11.8]},
			"faces": {
				"north": {"uv": [7, 5, 11, 7], "rotation": 180, "texture": "#2"},
				"east": {"uv": [7, 5, 11, 7], "rotation": 180, "texture": "#2"},
				"south": {"uv": [7, 5, 11, 7], "rotation": 180, "texture": "#2"},
				"west": {"uv": [7, 5, 11, 7], "rotation": 180, "texture": "#2"},
				"up": {"uv": [7, 8, 11, 10], "texture": "#2"},
				"down": {"uv": [6, 5, 10, 7], "texture": "#2"}
			}
		},
		{
			"name": "rail",
			"from": [5.15281, 2.70744, 5.99982],
			"to": [7.15281, 2.70744, 9.99982],
			"rotation": {"angle": -22.5, "axis": "z", "origin": [8, 5.5, 7.99982]},
			"faces": {
				"north": {"uv": [7, 5, 11, 7], "rotation": 180, "texture": "#2"},
				"east": {"uv": [7, 5, 11, 7], "rotation": 180, "texture": "#2"},
				"south": {"uv": [7, 5, 11, 7], "rotation": 180, "texture": "#2"},
				"west": {"uv": [7, 5, 11, 7], "rotation": 180, "texture": "#2"},
				"up": {"uv": [7, 8, 11, 10], "rotation": 90, "texture": "#2"},
				"down": {"uv": [6, 5, 10, 7], "rotation": 270, "texture": "#2"}
			}
		},
		{
			"name": "rail",
			"from": [6, 11, 11.7],
			"to": [10, 14, 11.7],
			"rotation": {"angle": 0, "axis": "y", "origin": [8, 12.5, 11.8]},
			"faces": {
				"north": {"uv": [7, 4, 11, 7], "rotation": 180, "texture": "#2"},
				"east": {"uv": [7, 4, 11, 7], "rotation": 180, "texture": "#2"},
				"south": {"uv": [7, 13, 11, 16], "rotation": 180, "texture": "#2"},
				"west": {"uv": [7, 4, 11, 7], "rotation": 180, "texture": "#2"},
				"up": {"uv": [7, 4, 11, 7], "texture": "#2"},
				"down": {"uv": [7, 4, 11, 7], "texture": "#2"}
			}
		},
		{
			"name": "rail",
			"from": [4.29982, 4, 5.99982],
			"to": [4.29982, 7, 9.99982],
			"rotation": {"angle": 0, "axis": "y", "origin": [8, 5.5, 7.99982]},
			"faces": {
				"north": {"uv": [7, 4, 11, 7], "rotation": 180, "texture": "#2"},
				"east": {"uv": [7, 4, 11, 7], "rotation": 180, "texture": "#2"},
				"south": {"uv": [7, 4, 11, 7], "rotation": 180, "texture": "#2"},
				"west": {"uv": [7, 13, 11, 16], "rotation": 180, "texture": "#2"},
				"up": {"uv": [7, 4, 11, 7], "rotation": 90, "texture": "#2"},
				"down": {"uv": [7, 4, 11, 7], "rotation": 270, "texture": "#2"}
			}
		},
		{
			"name": "rail",
			"from": [4.29239, 13.96173, 6],
			"to": [6.29239, 13.96173, 10],
			"rotation": {"angle": 22.5, "axis": "z", "origin": [4.2, 14, 8]},
			"faces": {
				"north": {"uv": [7, 5, 11, 7], "rotation": 180, "texture": "#2"},
				"east": {"uv": [7, 5, 11, 7], "rotation": 180, "texture": "#2"},
				"south": {"uv": [7, 5, 11, 7], "rotation": 180, "texture": "#2"},
				"west": {"uv": [7, 5, 11, 7], "rotation": 180, "texture": "#2"},
				"up": {"uv": [4, 14, 8, 16], "rotation": 90, "texture": "#2"},
				"down": {"uv": [8, 1, 12, 3], "rotation": 270, "texture": "#2"}
			}
		},
		{
			"name": "rail",
			"from": [5.99982, 8.30175, 5.1555],
			"to": [9.99982, 8.30175, 7.1555],
			"rotation": {"angle": -22.5, "axis": "x", "origin": [8, 5.5, 7.99982]},
			"faces": {
				"north": {"uv": [7, 5, 11, 7], "rotation": 180, "texture": "#2"},
				"east": {"uv": [7, 5, 11, 7], "rotation": 180, "texture": "#2"},
				"south": {"uv": [7, 5, 11, 7], "rotation": 180, "texture": "#2"},
				"west": {"uv": [7, 5, 11, 7], "rotation": 180, "texture": "#2"},
				"up": {"uv": [4, 14, 8, 16], "rotation": 180, "texture": "#2"},
				"down": {"uv": [8, 1, 12, 3], "rotation": 180, "texture": "#2"}
			}
		},
		{
			"name": "rail",
			"from": [4.29239, 11.03827, 6],
			"to": [6.29239, 11.03827, 10],
			"rotation": {"angle": -22.5, "axis": "z", "origin": [4.2, 11, 8]},
			"faces": {
				"north": {"uv": [7, 5, 11, 7], "rotation": 180, "texture": "#2"},
				"east": {"uv": [7, 5, 11, 7], "rotation": 180, "texture": "#2"},
				"south": {"uv": [7, 5, 11, 7], "rotation": 180, "texture": "#2"},
				"west": {"uv": [7, 5, 11, 7], "rotation": 180, "texture": "#2"},
				"up": {"uv": [4, 14, 8, 16], "rotation": 90, "texture": "#2"},
				"down": {"uv": [8, 0, 12, 2], "rotation": 270, "texture": "#2"}
			}
		},
		{
			"name": "rail",
			"from": [5.99982, 2.69825, 5.1555],
			"to": [9.99982, 2.69825, 7.1555],
			"rotation": {"angle": 22.5, "axis": "x", "origin": [8, 5.5, 7.99982]},
			"faces": {
				"north": {"uv": [7, 5, 11, 7], "rotation": 180, "texture": "#2"},
				"east": {"uv": [7, 5, 11, 7], "rotation": 180, "texture": "#2"},
				"south": {"uv": [7, 5, 11, 7], "rotation": 180, "texture": "#2"},
				"west": {"uv": [7, 5, 11, 7], "rotation": 180, "texture": "#2"},
				"up": {"uv": [4, 14, 8, 16], "rotation": 180, "texture": "#2"},
				"down": {"uv": [8, 0, 12, 2], "rotation": 180, "texture": "#2"}
			}
		},
		{
			"name": "rail",
			"from": [4.3, 11, 6],
			"to": [4.3, 14, 10],
			"rotation": {"angle": 0, "axis": "y", "origin": [8, 12, 11.8]},
			"faces": {
				"north": {"uv": [7, 4, 11, 7], "rotation": 180, "texture": "#2"},
				"east": {"uv": [7, 4, 11, 7], "rotation": 180, "texture": "#2"},
				"south": {"uv": [7, 4, 11, 7], "rotation": 180, "texture": "#2"},
				"west": {"uv": [5, 8, 9, 11], "rotation": 180, "texture": "#2"},
				"up": {"uv": [7, 4, 11, 7], "rotation": 90, "texture": "#2"},
				"down": {"uv": [7, 4, 11, 7], "rotation": 270, "texture": "#2"}
			}
		},
		{
			"name": "rail",
			"from": [5.99982, 4, 4.29982],
			"to": [9.99982, 7, 4.29982],
			"rotation": {"angle": 0, "axis": "y", "origin": [8, 5.5, 7.99982]},
			"faces": {
				"north": {"uv": [5, 8, 9, 11], "rotation": 180, "texture": "#2"},
				"east": {"uv": [7, 4, 11, 7], "rotation": 180, "texture": "#2"},
				"south": {"uv": [7, 4, 11, 7], "rotation": 180, "texture": "#2"},
				"west": {"uv": [7, 4, 11, 7], "rotation": 180, "texture": "#2"},
				"up": {"uv": [7, 4, 11, 7], "rotation": 180, "texture": "#2"},
				"down": {"uv": [7, 4, 11, 7], "rotation": 180, "texture": "#2"}
			}
		},
		{
			"name": "rail",
			"from": [9.70761, 13.96173, 6],
			"to": [11.70761, 13.96173, 10],
			"rotation": {"angle": -22.5, "axis": "z", "origin": [11.8, 14, 8]},
			"faces": {
				"north": {"uv": [7, 5, 11, 7], "rotation": 180, "texture": "#2"},
				"east": {"uv": [7, 5, 11, 7], "rotation": 180, "texture": "#2"},
				"south": {"uv": [7, 5, 11, 7], "rotation": 180, "texture": "#2"},
				"west": {"uv": [7, 5, 11, 7], "rotation": 180, "texture": "#2"},
				"up": {"uv": [4, 14, 8, 16], "rotation": 270, "texture": "#2"},
				"down": {"uv": [8, 1, 12, 3], "rotation": 270, "texture": "#2"}
			}
		},
		{
			"name": "rail",
			"from": [5.99982, 8.30175, 8.84415],
			"to": [9.99982, 8.30175, 10.84415],
			"rotation": {"angle": 22.5, "axis": "x", "origin": [8, 5.5, 7.99982]},
			"faces": {
				"north": {"uv": [7, 5, 11, 7], "rotation": 180, "texture": "#2"},
				"east": {"uv": [7, 5, 11, 7], "rotation": 180, "texture": "#2"},
				"south": {"uv": [7, 5, 11, 7], "rotation": 180, "texture": "#2"},
				"west": {"uv": [7, 5, 11, 7], "rotation": 180, "texture": "#2"},
				"up": {"uv": [4, 14, 8, 16], "texture": "#2"},
				"down": {"uv": [8, 1, 12, 3], "rotation": 180, "texture": "#2"}
			}
		},
		{
			"name": "rail",
			"from": [9.70761, 11.03827, 6],
			"to": [11.70761, 11.03827, 10],
			"rotation": {"angle": 22.5, "axis": "z", "origin": [11.8, 11, 8]},
			"faces": {
				"north": {"uv": [7, 5, 11, 7], "rotation": 180, "texture": "#2"},
				"east": {"uv": [7, 5, 11, 7], "rotation": 180, "texture": "#2"},
				"south": {"uv": [7, 5, 11, 7], "rotation": 180, "texture": "#2"},
				"west": {"uv": [7, 5, 11, 7], "rotation": 180, "texture": "#2"},
				"up": {"uv": [4, 14, 8, 16], "rotation": 90, "texture": "#2"},
				"down": {"uv": [8, 0, 12, 2], "rotation": 90, "texture": "#2"}
			}
		},
		{
			"name": "rail",
			"from": [5.99982, 2.69825, 8.84415],
			"to": [9.99982, 2.69825, 10.84415],
			"rotation": {"angle": -22.5, "axis": "x", "origin": [8, 5.5, 7.99982]},
			"faces": {
				"north": {"uv": [7, 5, 11, 7], "rotation": 180, "texture": "#2"},
				"east": {"uv": [7, 5, 11, 7], "rotation": 180, "texture": "#2"},
				"south": {"uv": [7, 5, 11, 7], "rotation": 180, "texture": "#2"},
				"west": {"uv": [7, 5, 11, 7], "rotation": 180, "texture": "#2"},
				"up": {"uv": [4, 14, 8, 16], "rotation": 180, "texture": "#2"},
				"down": {"uv": [8, 0, 12, 2], "texture": "#2"}
			}
		},
		{
			"name": "rail",
			"from": [11.7, 11, 6],
			"to": [11.7, 14, 10],
			"rotation": {"angle": 0, "axis": "y", "origin": [11.8, 12.5, 8]},
			"faces": {
				"north": {"uv": [7, 4, 11, 7], "rotation": 180, "texture": "#2"},
				"east": {"uv": [7, 4, 11, 7], "rotation": 180, "texture": "#2"},
				"south": {"uv": [7, 4, 11, 7], "rotation": 180, "texture": "#2"},
				"west": {"uv": [8, 9, 12, 12], "rotation": 180, "texture": "#2"},
				"up": {"uv": [7, 4, 11, 7], "rotation": 90, "texture": "#2"},
				"down": {"uv": [7, 4, 11, 7], "rotation": 270, "texture": "#2"}
			}
		},
		{
			"name": "rail",
			"from": [5.99982, 4, 11.69982],
			"to": [9.99982, 7, 11.69982],
			"rotation": {"angle": 0, "axis": "y", "origin": [8, 5.5, 7.99982]},
			"faces": {
				"north": {"uv": [8, 9, 12, 12], "rotation": 180, "texture": "#2"},
				"east": {"uv": [7, 4, 11, 7], "rotation": 180, "texture": "#2"},
				"south": {"uv": [7, 4, 11, 7], "rotation": 180, "texture": "#2"},
				"west": {"uv": [7, 4, 11, 7], "rotation": 180, "texture": "#2"},
				"up": {"uv": [7, 4, 11, 7], "rotation": 180, "texture": "#2"},
				"down": {"uv": [7, 4, 11, 7], "rotation": 180, "texture": "#2"}
			}
		}
	],
	"groups": [
		{
			"name": "1",
			"origin": [8, 8, 8],
			"children": [0, 1, 2]
		},
		{
			"name": "2",
			"origin": [8, 8, 8],
			"children": [3, 4, 5]
		},
		{
			"name": "rail1",
			"origin": [8, 13, 5],
			"children": [6, 7, 8, 9, 10, 11]
		},
		{
			"name": "rail1",
			"origin": [8, 13, 5],
			"children": [12, 13, 14, 15, 16, 17]
		},
		{
			"name": "rail1",
			"origin": [8, 13, 5],
			"children": [18, 19, 20, 21, 22, 23]
		},
		{
			"name": "rail1",
			"origin": [8, 13, 5],
			"children": [24, 25, 26, 27, 28, 29]
		}
	]
}