{
	"credit": "Made with Blockbench",
	"textures": {
		"1": "block/polished_andesite",
		"2": "block/polished_diorite",
		"particle": "block/polished_diorite"
	},
	"elements": [
		{
			"name": "rail",
			"from": [0, 13.92346, 4.18478],
			"to": [8, 13.92346, 6.18478],
			"rotation": {"angle": -22.5, "axis": "x", "origin": [8, 14, 4]},
			"faces": {
				"north": {"uv": [0, 14, 8, 16], "rotation": 180, "texture": "#2"},
				"east": {"uv": [0, 14, 8, 16], "rotation": 180, "texture": "#2"},
				"south": {"uv": [0, 14, 8, 16], "rotation": 180, "texture": "#2"},
				"west": {"uv": [0, 14, 8, 16], "rotation": 180, "texture": "#2"},
				"up": {"uv": [7, 5, 15, 7], "rotation": 180, "texture": "#2"},
				"down": {"uv": [0, 14, 8, 16], "rotation": 180, "texture": "#2"}
			}
		},
		{
			"name": "rail",
			"from": [0, 8.38019, 1.88868],
			"to": [8, 8.38019, 3.88868],
			"rotation": {"angle": -22.5, "axis": "x", "origin": [8, 14, 4]},
			"faces": {
				"north": {"uv": [0, 14, 8, 16], "rotation": 180, "texture": "#2"},
				"east": {"uv": [0, 14, 8, 16], "rotation": 180, "texture": "#2"},
				"south": {"uv": [0, 14, 8, 16], "rotation": 180, "texture": "#2"},
				"west": {"uv": [0, 14, 8, 16], "rotation": 180, "texture": "#2"},
				"up": {"uv": [7, 11, 15, 13], "rotation": 180, "texture": "#2"},
				"down": {"uv": [7, 7, 15, 9], "rotation": 180, "texture": "#2"}
			}
		},
		{
			"name": "rail",
			"from": [0, 11.07654, 4.18478],
			"to": [8, 11.07654, 6.18478],
			"rotation": {"angle": 22.5, "axis": "x", "origin": [8, 11, 4]},
			"faces": {
				"north": {"uv": [0, 14, 8, 16], "rotation": 180, "texture": "#2"},
				"east": {"uv": [0, 14, 8, 16], "rotation": 180, "texture": "#2"},
				"south": {"uv": [0, 14, 8, 16], "rotation": 180, "texture": "#2"},
				"west": {"uv": [0, 14, 8, 16], "rotation": 180, "texture": "#2"},
				"up": {"uv": [0, 14, 8, 16], "rotation": 180, "texture": "#2"},
				"down": {"uv": [7, 4, 15, 6], "rotation": 180, "texture": "#2"}
			}
		},
		{
			"name": "rail",
			"from": [0, 5.53326, 6.48088],
			"to": [8, 5.53326, 8.48088],
			"rotation": {"angle": 22.5, "axis": "x", "origin": [8, 11, 4]},
			"faces": {
				"north": {"uv": [0, 14, 8, 16], "rotation": 180, "texture": "#2"},
				"east": {"uv": [0, 14, 8, 16], "rotation": 180, "texture": "#2"},
				"south": {"uv": [0, 14, 8, 16], "rotation": 180, "texture": "#2"},
				"west": {"uv": [0, 14, 8, 16], "rotation": 180, "texture": "#2"},
				"up": {"uv": [0, 14, 8, 16], "rotation": 180, "texture": "#2"},
				"down": {"uv": [7, 7, 15, 9], "rotation": 180, "texture": "#2"}
			}
		},
		{
			"name": "rail",
			"from": [0, 11, 4.2],
			"to": [8, 14, 4.2],
			"rotation": {"angle": 0, "axis": "y", "origin": [8, 13, 5]},
			"faces": {
				"north": {"uv": [5, 13, 13, 16], "rotation": 180, "texture": "#2"},
				"east": {"uv": [0, 13, 8, 16], "rotation": 180, "texture": "#2"},
				"south": {"uv": [0, 13, 8, 16], "rotation": 180, "texture": "#2"},
				"west": {"uv": [0, 13, 8, 16], "rotation": 180, "texture": "#2"},
				"up": {"uv": [0, 13, 8, 16], "rotation": 180, "texture": "#2"},
				"down": {"uv": [0, 13, 8, 16], "rotation": 180, "texture": "#2"}
			}
		},
		{
			"name": "rail",
			"from": [0, 5, 4.2],
			"to": [8, 8, 4.2],
			"rotation": {"angle": 0, "axis": "y", "origin": [8, 13, 5]},
			"faces": {
				"north": {"uv": [6, 0, 14, 3], "rotation": 180, "texture": "#2"},
				"east": {"uv": [0, 13, 8, 16], "rotation": 180, "texture": "#2"},
				"south": {"uv": [0, 13, 8, 16], "rotation": 180, "texture": "#2"},
				"west": {"uv": [0, 13, 8, 16], "rotation": 180, "texture": "#2"},
				"up": {"uv": [0, 13, 8, 16], "rotation": 180, "texture": "#2"},
				"down": {"uv": [7, 7, 15, 9], "rotation": 180, "texture": "#2"}
			}
		}
	],
	"groups": [
		{
			"name": "1",
			"origin": [8, 8, 8],
			"children": [0, 1, 2]
		}, 3, 4, 5, 6, 7, 8]
}