{
	"credit": "Made with Blockbench",
	"textures": {
		"0": "block/custom/tube_radio/tube_radio",
		"1": "block/orange_terracotta",
		"2": "block/polished_andesite",
		"3": "block/magenta_wool",
		"4": "block/end_stone_bricks_DS",
		"particle": "block/custom/tube_radio/tube_radio"
	},
	"elements": [
		{
			"name": "Bottom",
			"from": [0, 0.01, 3.99],
			"to": [16, 1.01, 11.49],
			"rotation": {"angle": 0, "axis": "y", "origin": [8, 0.5, 7.5]},
			"faces": {
				"north": {"uv": [0, 1, 16, 2], "texture": "#2"},
				"east": {"uv": [0, 1, 8, 2], "texture": "#2"},
				"south": {"uv": [0, 0, 16, 1], "texture": "#missing"},
				"west": {"uv": [0, 1, 8, 2], "texture": "#2"},
				"up": {"uv": [0, 0, 16, 8], "texture": "#4"},
				"down": {"uv": [0, 8, 16, 16], "texture": "#2"}
			}
		},
		{
			"name": "Back",
			"from": [1, 0, 11.5],
			"to": [15, 11, 11.5],
			"faces": {
				"north": {"uv": [1, 5, 15, 16], "texture": "#4"},
				"east": {"uv": [0, 0, 8, 1], "texture": "#missing"},
				"south": {"uv": [1, 4, 15, 15], "texture": "#2"},
				"west": {"uv": [0, 0, 8, 1], "texture": "#missing"},
				"up": {"uv": [0, 0, 16, 8], "texture": "#missing"},
				"down": {"uv": [0, 0, 16, 8], "texture": "#missing"}
			}
		},
		{
			"name": "Top",
			"from": [-0.99, 11, 8],
			"to": [16.97, 12, 12],
			"faces": {
				"north": {"uv": [0, 8, 16, 9], "rotation": 180, "texture": "#1"},
				"east": {"uv": [0, 1, 4, 2], "texture": "#1"},
				"south": {"uv": [0, 0, 16, 1], "texture": "#1"},
				"west": {"uv": [0, 0, 4, 1], "texture": "#1"},
				"up": {"uv": [0, 0, 16, 4], "texture": "#1"},
				"down": {"uv": [0, 0, 16, 4], "texture": "#1"}
			}
		},
		{
			"name": "Mid",
			"from": [0, 6, 4],
			"to": [16, 7, 11],
			"faces": {
				"north": {"uv": [0, 14, 16, 15], "texture": "#2"},
				"east": {"uv": [3, 1, 10, 2], "texture": "#2"},
				"south": {"uv": [0, 0, 16, 1], "texture": "#missing"},
				"west": {"uv": [4, 1, 11, 2], "texture": "#2"},
				"up": {"uv": [0, 0, 16, 7], "texture": "#2"},
				"down": {"uv": [8, 0, 16, 16], "rotation": 90, "texture": "#2"}
			}
		},
		{
			"name": "FrequencyDisplay",
			"from": [1, 8.5, 4],
			"to": [15, 8.5, 10],
			"rotation": {"angle": -45, "axis": "x", "origin": [8, 8.5, 6.5]},
			"faces": {
				"north": {"uv": [4, 12, 16, 16], "rotation": 180, "texture": "#0"},
				"east": {"uv": [4, 12, 16, 16], "rotation": 270, "texture": "#0"},
				"south": {"uv": [4, 12, 16, 16], "texture": "#0"},
				"west": {"uv": [4, 12, 16, 16], "rotation": 90, "texture": "#0"},
				"up": {"uv": [4, 4, 16, 9], "rotation": 180, "texture": "#0"},
				"down": {"uv": [16, 4, 4, 9], "texture": "#0"}
			}
		},
		{
			"name": "Mesh",
			"from": [2, 1, 5],
			"to": [6, 6, 5],
			"faces": {
				"north": {"uv": [6, 0, 11, 4], "rotation": 90, "texture": "#0"},
				"east": {"uv": [5, 0, 10, 4], "rotation": 90, "texture": "#0"},
				"south": {"uv": [5, 0, 10, 4], "rotation": 90, "texture": "#0"},
				"west": {"uv": [5, 0, 10, 4], "rotation": 90, "texture": "#0"},
				"up": {"uv": [5, 0, 10, 4], "rotation": 90, "texture": "#0"},
				"down": {"uv": [5, 0, 10, 4], "rotation": 90, "texture": "#0"}
			}
		},
		{
			"name": "Mesh",
			"from": [11, 1, 5],
			"to": [14, 6, 5],
			"faces": {
				"north": {"uv": [10, 0, 15, 3], "rotation": 90, "texture": "#0"},
				"east": {"uv": [11, 0, 16, 4], "rotation": 90, "texture": "#0"},
				"south": {"uv": [11, 0, 16, 4], "rotation": 90, "texture": "#0"},
				"west": {"uv": [11, 0, 16, 4], "rotation": 90, "texture": "#0"},
				"up": {"uv": [11, 0, 16, 4], "rotation": 90, "texture": "#0"},
				"down": {"uv": [11, 0, 16, 4], "rotation": 90, "texture": "#0"}
			}
		},
		{
			"name": "Mesh",
			"from": [6, 4.5, 5],
			"to": [11, 6, 5],
			"faces": {
				"north": {"uv": [6.5, 0, 11.5, 1.5], "texture": "#0"},
				"east": {"uv": [6.5, 0, 10.5, 1.5], "texture": "#0"},
				"south": {"uv": [6.5, 0, 10.5, 1.5], "texture": "#0"},
				"west": {"uv": [6.5, 0, 10.5, 1.5], "texture": "#0"},
				"up": {"uv": [6.5, 0, 10.5, 1.5], "texture": "#0"},
				"down": {"uv": [6.5, 0, 10.5, 1.5], "texture": "#0"}
			}
		},
		{
			"name": "MeshBent",
			"from": [8.92388, 4.88268, 3.7],
			"to": [10.92388, 4.88268, 5.2],
			"rotation": {"angle": -22.5, "axis": "z", "origin": [9, 4.5, 4.25]},
			"faces": {
				"north": {"uv": [9, 0, 11, 1.5], "rotation": 180, "texture": "#0"},
				"east": {"uv": [9, 0, 11, 1.5], "rotation": 180, "texture": "#0"},
				"south": {"uv": [9, 0, 11, 1.5], "rotation": 180, "texture": "#0"},
				"west": {"uv": [9, 0, 11, 1.5], "rotation": 180, "texture": "#0"},
				"up": {"uv": [9, 0, 11, 1.5], "rotation": 180, "texture": "#0"},
				"down": {"uv": [9, 0, 11, 1.5], "rotation": 180, "texture": "#0"}
			}
		},
		{
			"name": "MeshBent",
			"from": [9, 1.20761, 4.66173],
			"to": [11, 1.20761, 6.16173],
			"rotation": {"angle": -22.5, "axis": "x", "origin": [10, 1.3, 5.45]},
			"faces": {
				"north": {"uv": [9, 0, 11, 1.5], "rotation": 180, "texture": "#0"},
				"east": {"uv": [9, 0, 11, 1.5], "rotation": 180, "texture": "#0"},
				"south": {"uv": [9, 0, 11, 1.5], "rotation": 180, "texture": "#0"},
				"west": {"uv": [9, 0, 11, 1.5], "rotation": 180, "texture": "#0"},
				"up": {"uv": [14, 1, 16, 2.5], "rotation": 180, "texture": "#0"},
				"down": {"uv": [9, 0, 11, 1.5], "rotation": 180, "texture": "#0"}
			}
		},
		{
			"name": "MeshBent",
			"from": [6.57574, 0.62426, 3.7],
			"to": [6.57574, 2.62426, 5.2],
			"rotation": {"angle": 45, "axis": "z", "origin": [7, 1.2, 5.45]},
			"faces": {
				"north": {"uv": [9, 0, 11, 1.5], "rotation": 90, "texture": "#0"},
				"east": {"uv": [7.5, 2, 9.5, 3.5], "rotation": 270, "texture": "#0"},
				"south": {"uv": [9, 0, 11, 1.5], "rotation": 270, "texture": "#0"},
				"west": {"uv": [9, 0, 11, 1.5], "rotation": 270, "texture": "#0"},
				"up": {"uv": [9, 0, 11, 1.5], "rotation": 270, "texture": "#0"},
				"down": {"uv": [9, 0, 11, 1.5], "rotation": 270, "texture": "#0"}
			}
		},
		{
			"name": "MeshBent",
			"from": [11, 1.03149, 4.65287],
			"to": [11, 4.03149, 7.15287],
			"rotation": {"angle": 22.5, "axis": "x", "origin": [11, 2.5, 5]},
			"faces": {
				"north": {"uv": [15.5, 1.5, 12.5, 4], "rotation": 90, "texture": "#0"},
				"east": {"uv": [15.5, 1.5, 12.5, 4], "rotation": 90, "texture": "#0"},
				"south": {"uv": [15.5, 1.5, 12.5, 4], "rotation": 90, "texture": "#0"},
				"west": {"uv": [15.5, 1.5, 12.5, 4], "rotation": 90, "texture": "#0"},
				"up": {"uv": [15.5, 1.5, 12.5, 4], "rotation": 90, "texture": "#0"},
				"down": {"uv": [15.5, 1.5, 12.5, 4], "rotation": 90, "texture": "#0"}
			}
		},
		{
			"name": "MeshBent",
			"from": [5.45, 1.13104, 4.37518],
			"to": [5.45, 3.13104, 6.87518],
			"rotation": {"angle": 22.5, "axis": "x", "origin": [6, 2.18359, 5.84619]},
			"faces": {
				"north": {"uv": [15.5, 1.5, 13.5, 4], "rotation": 90, "texture": "#0"},
				"east": {"uv": [15.5, 1.5, 13.5, 4], "rotation": 90, "texture": "#0"},
				"south": {"uv": [15.5, 1.5, 13.5, 4], "rotation": 90, "texture": "#0"},
				"west": {"uv": [15.5, 1.5, 13.5, 4], "rotation": 90, "texture": "#0"},
				"up": {"uv": [15.5, 1.5, 13.5, 4], "rotation": 90, "texture": "#0"},
				"down": {"uv": [15.5, 1.5, 13.5, 4], "rotation": 90, "texture": "#0"}
			}
		},
		{
			"name": "MeshBent",
			"from": [6, 4.57654, 3.68478],
			"to": [8, 4.57654, 5.18478],
			"rotation": {"angle": 45, "axis": "x", "origin": [8, 4.5, 5]},
			"faces": {
				"north": {"uv": [6.5, 2.5, 8.5, 4], "rotation": 180, "texture": "#0"},
				"east": {"uv": [6.5, 2.5, 8.5, 4], "rotation": 180, "texture": "#0"},
				"south": {"uv": [6.5, 2.5, 8.5, 4], "rotation": 180, "texture": "#0"},
				"west": {"uv": [6.5, 2.5, 8.5, 4], "rotation": 180, "texture": "#0"},
				"up": {"uv": [6.5, 2.5, 8.5, 4], "rotation": 180, "texture": "#0"},
				"down": {"uv": [6.5, 2.5, 8.5, 4], "rotation": 180, "texture": "#0"}
			}
		},
		{
			"name": "MeshBent",
			"from": [5.35355, 2.45817, 5.27022],
			"to": [5.35355, 4.45817, 6.77022],
			"rotation": {"angle": 45, "axis": "z", "origin": [5, 3.10462, 6.02022]},
			"faces": {
				"north": {"uv": [6.5, 2.5, 8.5, 4], "rotation": 90, "texture": "#0"},
				"east": {"uv": [9.5, 1, 11, 3], "rotation": 180, "texture": "#0"},
				"south": {"uv": [6.5, 2.5, 8.5, 4], "rotation": 270, "texture": "#0"},
				"west": {"uv": [6.5, 2.5, 8.5, 4], "rotation": 270, "texture": "#0"},
				"up": {"uv": [12, 2, 14, 3.5], "rotation": 270, "texture": "#0"},
				"down": {"uv": [6.5, 2.5, 8.5, 4], "rotation": 270, "texture": "#0"}
			}
		},
		{
			"name": "MeshBent",
			"from": [11, 1.74478, 5.99424],
			"to": [13, 1.74478, 7.49424],
			"rotation": {"angle": 22.5, "axis": "x", "origin": [8, 4.5, 5]},
			"faces": {
				"north": {"uv": [6.5, 2.5, 8.5, 4], "rotation": 180, "texture": "#0"},
				"east": {"uv": [6.5, 2.5, 8.5, 4], "rotation": 180, "texture": "#0"},
				"south": {"uv": [6.5, 2.5, 8.5, 4], "rotation": 180, "texture": "#0"},
				"west": {"uv": [6.5, 2.5, 8.5, 4], "rotation": 180, "texture": "#0"},
				"up": {"uv": [6.5, 2.5, 8.5, 4], "rotation": 180, "texture": "#0"},
				"down": {"uv": [6.5, 2.5, 8.5, 4], "rotation": 180, "texture": "#0"}
			}
		},
		{
			"name": "RightWall",
			"from": [0, 1, 4],
			"to": [2, 6, 11.49],
			"faces": {
				"north": {"uv": [14, 4, 16, 9], "texture": "#2"},
				"east": {"uv": [9, 0, 16, 5], "texture": "#4"},
				"south": {"uv": [0, 0, 2, 5], "texture": "#missing"},
				"west": {"uv": [0, 9, 7, 14], "texture": "#2"},
				"up": {"uv": [0, 0, 2, 7], "texture": "#missing"},
				"down": {"uv": [0, 0, 2, 7], "texture": "#missing"}
			}
		},
		{
			"name": "RightWall",
			"from": [-0.995, 7.77782, 3.37365],
			"to": [1.005, 9.77782, 10.37365],
			"rotation": {"angle": -45, "axis": "x", "origin": [1, 8, 6.5]},
			"faces": {
				"north": {"uv": [2, 0, 4, 7], "texture": "#1"},
				"east": {"uv": [0, 0, 2, 7], "rotation": 270, "texture": "#1"},
				"south": {"uv": [0, 0, 2, 7], "texture": "#1"},
				"west": {"uv": [13, 6, 15, 13], "rotation": 90, "texture": "#1"},
				"up": {"uv": [0, 0, 2, 7], "texture": "#1"},
				"down": {"uv": [0, 0, 2, 7], "rotation": 180, "texture": "#1"}
			}
		},
		{
			"name": "RightWall",
			"from": [0.005, 4.83327, 5.3182],
			"to": [1.005, 7.83327, 10.3182],
			"rotation": {"angle": -45, "axis": "x", "origin": [1, 8, 6.5]},
			"faces": {
				"north": {"uv": [0, 0, 1, 3], "texture": "#missing"},
				"east": {"uv": [0, 0, 5, 3], "texture": "#2"},
				"south": {"uv": [0, 0, 1, 3], "texture": "#missing"},
				"west": {"uv": [6, 12, 11, 15], "rotation": 180, "texture": "#2"},
				"up": {"uv": [0, 0, 1, 5], "texture": "#missing"},
				"down": {"uv": [0, 0, 1, 5], "texture": "#missing"}
			}
		},
		{
			"name": "RightWall",
			"from": [-1, 0, 3],
			"to": [0.99, 7, 5],
			"rotation": {"angle": 0, "axis": "y", "origin": [1, 8, 6.5]},
			"faces": {
				"north": {"uv": [0, 0, 1.99, 7], "rotation": 180, "texture": "#1"},
				"east": {"uv": [0, 0, 1.99, 7], "texture": "#1"},
				"south": {"uv": [0, 0, 1.99, 7], "rotation": 180, "texture": "#1"},
				"west": {"uv": [0, 0, 1.99, 7], "texture": "#1"},
				"up": {"uv": [2, 0, 3.99, 7], "rotation": 180, "texture": "#1"},
				"down": {"uv": [0, 0, 1.99, 7], "rotation": 180, "texture": "#1"}
			}
		},
		{
			"name": "RightWall",
			"from": [-1, 0, 9],
			"to": [0.99, 11, 12],
			"rotation": {"angle": 0, "axis": "y", "origin": [1, 8, 6.5]},
			"faces": {
				"north": {"uv": [0, 0, 1.99, 11], "texture": "#1"},
				"east": {"uv": [0, 0, 2.99, 11], "rotation": 180, "texture": "#1"},
				"south": {"uv": [0, 0, 1.99, 11], "texture": "#1"},
				"west": {"uv": [3, 1, 5.99, 12], "rotation": 180, "texture": "#1"},
				"up": {"uv": [0, 0, 1.99, 11], "texture": "#1"},
				"down": {"uv": [0, 0, 1.99, 11], "texture": "#1"}
			}
		},
		{
			"name": "LeftWall",
			"from": [14, 1, 4],
			"to": [16, 6, 11.49],
			"faces": {
				"north": {"uv": [0, 4, 2, 9], "texture": "#2"},
				"east": {"uv": [9, 7, 16, 12], "texture": "#2"},
				"south": {"uv": [0, 0, 2, 5], "texture": "#missing"},
				"west": {"uv": [0, 0, 7, 5], "texture": "#4"},
				"up": {"uv": [0, 0, 2, 7], "texture": "#missing"},
				"down": {"uv": [0, 0, 2, 7], "texture": "#missing"}
			}
		},
		{
			"name": "LeftWall",
			"from": [14.995, 4.83327, 5.3182],
			"to": [15.995, 7.83327, 10.3182],
			"rotation": {"angle": -45, "axis": "x", "origin": [1, 8, 6.5]},
			"faces": {
				"north": {"uv": [0, 0, 1, 3], "texture": "#missing"},
				"east": {"uv": [1, 1, 6, 4], "texture": "#2"},
				"south": {"uv": [0, 0, 1, 3], "texture": "#missing"},
				"west": {"uv": [1, 1, 6, 4], "texture": "#2"},
				"up": {"uv": [0, 0, 1, 5], "texture": "#missing"},
				"down": {"uv": [0, 0, 1, 5], "texture": "#missing"}
			}
		},
		{
			"name": "LeftWall",
			"from": [15, 7.77782, 3.37365],
			"to": [17, 9.77782, 10.37365],
			"rotation": {"angle": -45, "axis": "x", "origin": [1, 8, 6.5]},
			"faces": {
				"north": {"uv": [3, 0, 5, 7], "texture": "#1"},
				"east": {"uv": [5, 0, 7, 7], "rotation": 270, "texture": "#1"},
				"south": {"uv": [5, 0, 7, 7], "texture": "#1"},
				"west": {"uv": [5, 0, 7, 7], "rotation": 90, "texture": "#1"},
				"up": {"uv": [8, 1, 10, 8], "texture": "#1"},
				"down": {"uv": [13, 1, 15, 8], "texture": "#1"}
			}
		},
		{
			"name": "LeftWall",
			"from": [15.005, 0, 3],
			"to": [16.995, 7, 5],
			"rotation": {"angle": 0, "axis": "y", "origin": [1, 8, 6.5]},
			"faces": {
				"north": {"uv": [2, 0, 3.99, 7], "rotation": 180, "texture": "#1"},
				"east": {"uv": [2, 0, 3.99, 7], "texture": "#1"},
				"south": {"uv": [2, 0, 3.99, 7], "rotation": 180, "texture": "#1"},
				"west": {"uv": [2, 0, 3.99, 7], "texture": "#1"},
				"up": {"uv": [3, 0, 4.99, 7], "rotation": 180, "texture": "#1"},
				"down": {"uv": [2, 0, 3.99, 7], "rotation": 180, "texture": "#1"}
			}
		},
		{
			"name": "LeftWall",
			"from": [15, 0, 9],
			"to": [16.99, 11, 12],
			"rotation": {"angle": 0, "axis": "y", "origin": [1, 8, 6.5]},
			"faces": {
				"north": {"uv": [3, 5, 4.99, 16], "rotation": 180, "texture": "#1"},
				"east": {"uv": [0, 0, 2.99, 11], "texture": "#1"},
				"south": {"uv": [12, 5, 13.99, 16], "texture": "#1"},
				"west": {"uv": [0, 0, 2.99, 11], "texture": "#1"},
				"up": {"uv": [0, 0, 1.99, 11], "texture": "#1"},
				"down": {"uv": [0, 0, 1.99, 11], "texture": "#1"}
			}
		},
		{
			"name": "Board",
			"from": [3, 1, 6.5],
			"to": [12, 1.5, 10.5],
			"faces": {
				"north": {"uv": [4, 13, 13, 14], "texture": "#3"},
				"east": {"uv": [0, 0, 4, 0.5], "texture": "#3"},
				"south": {"uv": [0, 0, 9, 0.5], "texture": "#3"},
				"west": {"uv": [0, 0, 4, 0.5], "texture": "#3"},
				"up": {"uv": [0, 0, 9, 4], "texture": "#3"},
				"down": {"uv": [0, 0, 9, 4], "texture": "#3"}
			}
		},
		{
			"name": "VacuumTube",
			"from": [9.15, 1.25, 7.25],
			"to": [9.9, 4.25, 8],
			"faces": {
				"north": {"uv": [0, 0, 1, 4], "texture": "#0"},
				"east": {"uv": [0, 0, 1, 4], "texture": "#0"},
				"south": {"uv": [0, 0, 1, 4], "texture": "#0"},
				"west": {"uv": [0, 0, 1, 4], "texture": "#0"},
				"up": {"uv": [0, 3, 1, 4], "texture": "#0"},
				"down": {"uv": [0, 0, 1, 4], "texture": "#0"}
			}
		},
		{
			"name": "VacuumTube",
			"from": [8.16924, 1.45, 9.01777],
			"to": [8.91924, 4.45, 9.76777],
			"rotation": {"angle": -45, "axis": "y", "origin": [7.625, 2.75, 7.625]},
			"faces": {
				"north": {"uv": [0, 0, 1, 4], "texture": "#0"},
				"east": {"uv": [0, 0, 1, 4], "texture": "#0"},
				"south": {"uv": [0, 0, 1, 4], "texture": "#0"},
				"west": {"uv": [0, 0, 1, 4], "texture": "#0"},
				"up": {"uv": [0, 3, 1, 4], "texture": "#0"},
				"down": {"uv": [0, 0, 1, 4], "texture": "#0"}
			}
		},
		{
			"name": "VacuumTube",
			"from": [10.16298, 1.25, 7.46117],
			"to": [10.91298, 3.75, 8.21117],
			"rotation": {"angle": -22.5, "axis": "y", "origin": [8.875, 3, 8.525]},
			"faces": {
				"north": {"uv": [3, 0, 4, 3], "texture": "#0"},
				"east": {"uv": [3, 0, 4, 3], "texture": "#0"},
				"south": {"uv": [3, 0, 4, 3], "texture": "#0"},
				"west": {"uv": [3, 0, 4, 3], "texture": "#0"},
				"up": {"uv": [3, 2.5, 4, 3.5], "texture": "#0"},
				"down": {"uv": [3, 0, 4, 3], "texture": "#0"}
			}
		},
		{
			"name": "VacuumTube",
			"from": [7.79916, 0.85, 8.54853],
			"to": [8.54916, 3.35, 9.29853],
			"rotation": {"angle": -22.5, "axis": "y", "origin": [8.875, 3, 8.525]},
			"faces": {
				"north": {"uv": [3, 0, 4, 3], "texture": "#0"},
				"east": {"uv": [3, 0, 4, 3], "texture": "#0"},
				"south": {"uv": [3, 0, 4, 3], "texture": "#0"},
				"west": {"uv": [3, 0, 4, 3], "texture": "#0"},
				"up": {"uv": [3, 2.5, 4, 3.5], "texture": "#0"},
				"down": {"uv": [3, 0, 4, 3], "texture": "#0"}
			}
		},
		{
			"name": "VacuumTube",
			"from": [4.1, 1.25, 7.15],
			"to": [4.85, 3.75, 7.9],
			"rotation": {"angle": 22.5, "axis": "y", "origin": [4.475, 2.5, 7.525]},
			"faces": {
				"north": {"uv": [3, 0, 4, 3], "texture": "#0"},
				"east": {"uv": [3, 0, 4, 3], "texture": "#0"},
				"south": {"uv": [3, 0, 4, 3], "texture": "#0"},
				"west": {"uv": [3, 0, 4, 3], "texture": "#0"},
				"up": {"uv": [3, 2.5, 4, 3.5], "texture": "#0"},
				"down": {"uv": [3, 0, 4, 3], "texture": "#0"}
			}
		},
		{
			"name": "VacuumTube",
			"from": [5.45, 1.4, 8.15],
			"to": [6.2, 3.9, 8.9],
			"rotation": {"angle": 0, "axis": "y", "origin": [5.475, 2.5, 8.525]},
			"faces": {
				"north": {"uv": [1, 0, 2, 3.5], "texture": "#0"},
				"east": {"uv": [1, 0, 2, 3.5], "texture": "#0"},
				"south": {"uv": [1, 0, 2, 3.5], "texture": "#0"},
				"west": {"uv": [1, 0, 2, 3.5], "texture": "#0"},
				"up": {"uv": [1, 2.5, 2, 3.5], "texture": "#0"},
				"down": {"uv": [1, 0, 2, 3.5], "texture": "#0"}
			}
		},
		{
			"name": "Glass",
			"from": [1, 7, 4],
			"to": [15, 13, 5],
			"rotation": {"angle": 45, "axis": "x", "origin": [10, 7, 4]},
			"faces": {
				"north": {"uv": [4, 9, 16, 16], "texture": "#0"},
				"east": {"uv": [4, 9, 5, 10], "texture": "#0"},
				"south": {"uv": [4, 9, 5, 10], "texture": "#0"},
				"west": {"uv": [4, 9, 5, 10], "texture": "#0"},
				"up": {"uv": [4, 9, 5, 10], "texture": "#0"},
				"down": {"uv": [4, 9, 5, 10], "texture": "#0"}
			}
		}
	],
	"display": {
		"thirdperson_righthand": {
			"rotation": [81, 23, 0],
			"translation": [0, 1.25, 1.75],
			"scale": [0.42, 0.42, 0.42]
		},
		"firstperson_righthand": {
			"rotation": [10, 120, 0],
			"translation": [0, 4.25, 0],
			"scale": [0.36, 0.36, 0.36]
		},
		"ground": {
			"rotation": [42, 0, 0],
			"translation": [0, 3.25, 0]
		},
		"gui": {
			"rotation": [14, 150, 0],
			"translation": [0.25, 1.25, 0],
			"scale": [0.79, 0.79, 0.79]
		},
		"fixed": {
			"rotation": [-90, 0, 0],
			"translation": [0, 0, -14.75],
			"scale": [1.99, 1.99, 1.99]
		}
	},
	"groups": [0, 1, 2, 3, 4,
		{
			"name": "Mesh",
			"origin": [8, 8, 8],
			"children": [5, 6, 7, 8, 9, 10, 11, 12, 13, 14, 15]
		},
		{
			"name": "Right",
			"origin": [1, 8, 6.5],
			"children": [16, 17, 18, 19, 20]
		},
		{
			"name": "Left",
			"origin": [1, 8, 6.5],
			"children": [21, 22, 23, 24, 25]
		},
		{
			"name": "Components",
			"origin": [8, 8, 8],
			"children": [26, 27, 28, 29, 30, 31, 32]
		}, 33]
}