{
    "variants": {
        "facing=north,half=bottom,open=false": { "model": "block/custom/trapdoors/drain_grate" },
        "facing=south,half=bottom,open=false": { "model": "block/custom/trapdoors/drain_grate", "y": 180 },
        "facing=east,half=bottom,open=false": { "model": "block/custom/trapdoors/drain_grate", "y": 90 },
        "facing=west,half=bottom,open=false": { "model": "block/custom/trapdoors/drain_grate", "y": 270 },
        "facing=north,half=top,open=false": { "model": "block/custom/trapdoors/drain_grate_top" },
        "facing=south,half=top,open=false": { "model": "block/custom/trapdoors/drain_grate_top", "y": 180 },
        "facing=east,half=top,open=false": { "model": "block/custom/trapdoors/drain_grate_top", "y": 90 },
        "facing=west,half=top,open=false": { "model": "block/custom/trapdoors/drain_grate_top", "y": 270 },
        "facing=north,half=bottom,open=true": { "model": "block/custom/trapdoors/drain_grate_open" },
        "facing=south,half=bottom,open=true": { "model": "block/custom/trapdoors/drain_grate_open", "y": 180 },
        "facing=east,half=bottom,open=true": { "model": "block/custom/trapdoors/drain_grate_open", "y": 90 },
        "facing=west,half=bottom,open=true": { "model": "block/custom/trapdoors/drain_grate_open", "y": 270 },
        "facing=north,half=top,open=true": { "model": "block/custom/trapdoors/drain_grate_open", "x": 180, "y": 180 },
        "facing=south,half=top,open=true": { "model": "block/custom/trapdoors/drain_grate_open", "x": 180, "y": 0 },
        "facing=east,half=top,open=true": { "model": "block/custom/trapdoors/drain_grate_open", "x": 180, "y": 270 },
        "facing=west,half=top,open=true": { "model": "block/custom/trapdoors/drain_grate_open", "x": 180, "y": 90 }
    }
}
