{
    "variants": {
        "facing=south,in_wall=false,open=false": { "model": "block/custom/wheel1", "uvlock": true, "y": 90  },
        "facing=west,in_wall=false,open=false":  { "model": "block/custom/wheel1", "uvlock": true, "y": 180 },
        "facing=north,in_wall=false,open=false": { "model": "block/custom/wheel1", "uvlock": true, "y": 270 },
        "facing=east,in_wall=false,open=false":  { "model": "block/custom/wheel1", "uvlock": true },
        "facing=south,in_wall=false,open=true": { "model": "block/custom/wheel3", "uvlock": true, "y": 90 },
        "facing=west,in_wall=false,open=true":  { "model": "block/custom/wheel3", "uvlock": true, "y": 180 },
        "facing=north,in_wall=false,open=true": { "model": "block/custom/wheel3", "uvlock": true, "y": 270 },
        "facing=east,in_wall=false,open=true":  { "model": "block/custom/wheel3", "uvlock": true },
        "facing=south,in_wall=true,open=false": { "model": "block/custom/wheel2", "uvlock": true, "y": 90 },
        "facing=west,in_wall=true,open=false":  { "model": "block/custom/wheel2", "uvlock": true, "y": 180 },
        "facing=north,in_wall=true,open=false": { "model": "block/custom/wheel2", "uvlock": true, "y": 270 },
        "facing=east,in_wall=true,open=false":  { "model": "block/custom/wheel2", "uvlock": true },
        "facing=south,in_wall=true,open=true": { "model": "block/acacia_fence_gate_wall_open", "uvlock": true },
        "facing=west,in_wall=true,open=true":  { "model": "block/acacia_fence_gate_wall_open", "uvlock": true, "y": 90 },
        "facing=north,in_wall=true,open=true": { "model": "block/acacia_fence_gate_wall_open", "uvlock": true, "y": 180 },
        "facing=east,in_wall=true,open=true":  { "model": "block/acacia_fence_gate_wall_open", "uvlock": true, "y": 270 }
    }
}
