{
    "variants": {
        "type=bottom": [ {"model":"block/birch_slab/0","weight":30},
		                 {"model":"block/birch_slab/1","weight":10},
						 {"model":"block/birch_slab/2","weight":10},
						 {"model":"block/birch_slab/3","weight":10} ],
        "type=top": [ {"model":"block/birch_slab_top/0","weight":30},
					 {"model":"block/birch_slab_top/1","weight":10},
					 {"model":"block/birch_slab_top/2","weight":10},
					 {"model":"block/birch_slab_top/3","weight":10} ],
        "type=double": { "model": "block/birch_planks" }
    }
}
