{
    "multipart": [
        {   "when": { "up": "true" },
            "apply": { "model": "block/custom/crash_barrier/center_pole", "y": 0 }
        },
        {   "when": { "north": "true" },
            "apply": { "model": "block/custom/crash_barrier/crash_barrier_l", "y": 270, "uvlock": true }
        },
        {   "when": { "east": "true" },
            "apply": { "model": "block/custom/crash_barrier/crash_barrier_r", "y": 180, "uvlock": true }
        },
        {   "when": { "south": "true" },
            "apply": { "model": "block/custom/crash_barrier/crash_barrier_r", "y": 270, "uvlock": true }
        },
        {   "when": { "west": "true" },
            "apply": { "model": "block/custom/crash_barrier/crash_barrier_l", "y": 180, "uvlock": true }
        }
    ]
}
