{
    "variants": {
        "facing=east,half=lower,hinge=left,open=false":  { "model": "block/custom/doors/reinforced_door/bottom_open" },
        "facing=south,half=lower,hinge=left,open=false": { "model": "block/custom/doors/reinforced_door/bottom_open", "y": 90 },
        "facing=west,half=lower,hinge=left,open=false":  { "model": "block/custom/doors/reinforced_door/bottom_open", "y": 180 },
        "facing=north,half=lower,hinge=left,open=false": { "model": "block/custom/doors/reinforced_door/bottom_open", "y": 270 },
        "facing=east,half=lower,hinge=right,open=false":  { "model": "block/custom/doors/reinforced_door/bottom", "y": 270 },
        "facing=south,half=lower,hinge=right,open=false": { "model": "block/custom/doors/reinforced_door/bottom" },
        "facing=west,half=lower,hinge=right,open=false":  { "model": "block/custom/doors/reinforced_door/bottom", "y": 90 },
        "facing=north,half=lower,hinge=right,open=false": { "model": "block/custom/doors/reinforced_door/bottom", "y": 180 },
        "facing=east,half=lower,hinge=left,open=true":  { "model": "block/custom/doors/reinforced_door/bottom" },
        "facing=south,half=lower,hinge=left,open=true": { "model": "block/custom/doors/reinforced_door/bottom", "y": 90 },
        "facing=west,half=lower,hinge=left,open=true":  { "model": "block/custom/doors/reinforced_door/bottom", "y": 180 },
        "facing=north,half=lower,hinge=left,open=true": { "model": "block/custom/doors/reinforced_door/bottom", "y": 270 },
        "facing=east,half=lower,hinge=right,open=true":  { "model": "block/custom/doors/reinforced_door/bottom_open", "y": 270 },
        "facing=south,half=lower,hinge=right,open=true": { "model": "block/custom/doors/reinforced_door/bottom_open" },
        "facing=west,half=lower,hinge=right,open=true":  { "model": "block/custom/doors/reinforced_door/bottom_open", "y": 90 },
        "facing=north,half=lower,hinge=right,open=true": { "model": "block/custom/doors/reinforced_door/bottom_open", "y": 180 },
        "facing=east,half=upper,hinge=left,open=false":  { "model": "block/custom/doors/reinforced_door/top_open" },
        "facing=south,half=upper,hinge=left,open=false": { "model": "block/custom/doors/reinforced_door/top_open", "y": 90 },
        "facing=west,half=upper,hinge=left,open=false":  { "model": "block/custom/doors/reinforced_door/top_open", "y": 180 },
        "facing=north,half=upper,hinge=left,open=false": { "model": "block/custom/doors/reinforced_door/top_open", "y": 270 },
        "facing=east,half=upper,hinge=right,open=false":  { "model": "block/custom/doors/reinforced_door/top", "y": 270 },
        "facing=south,half=upper,hinge=right,open=false": { "model": "block/custom/doors/reinforced_door/top" },
        "facing=west,half=upper,hinge=right,open=false":  { "model": "block/custom/doors/reinforced_door/top", "y": 90 },
        "facing=north,half=upper,hinge=right,open=false": { "model": "block/custom/doors/reinforced_door/top", "y": 180 },
        "facing=east,half=upper,hinge=left,open=true":  { "model": "block/custom/doors/reinforced_door/top" },
        "facing=south,half=upper,hinge=left,open=true": { "model": "block/custom/doors/reinforced_door/top", "y": 90 },
        "facing=west,half=upper,hinge=left,open=true":  { "model": "block/custom/doors/reinforced_door/top", "y": 180 },
        "facing=north,half=upper,hinge=left,open=true": { "model": "block/custom/doors/reinforced_door/top", "y": 270 },
        "facing=east,half=upper,hinge=right,open=true":  { "model": "block/custom/doors/reinforced_door/top_open", "y": 270 },
        "facing=south,half=upper,hinge=right,open=true": { "model": "block/custom/doors/reinforced_door/top_open" },
        "facing=west,half=upper,hinge=right,open=true":  { "model": "block/custom/doors/reinforced_door/top_open", "y": 90 },
        "facing=north,half=upper,hinge=right,open=true": { "model": "block/custom/doors/reinforced_door/top_open", "y": 180 }
    }
}
