{
    "multipart": [
        {   "when": { "up": true },
            "apply": { "model": "block/custom/crash_barrier/center_pole" }
        },
        {   "when": { "north": true },
            "apply": { "model": "block/custom/crash_barrier/crash_barrier_r", "y": 90, "uvlock": true }
        },
        {   "when": { "east": true },
            "apply": { "model": "block/custom/crash_barrier/crash_barrier_l", "uvlock": true }
        },
        {   "when": { "south": true },
            "apply": { "model": "block/custom/crash_barrier/crash_barrier_l", "y": 90, "uvlock": true }
        },
        {   "when": { "west": true },
            "apply": { "model": "block/custom/crash_barrier/crash_barrier_r", "uvlock": true }
        }
    ]
}
