{
    "variants": {
        "type=bottom": [ {"model":"block/polished_granite_slab/0","weight":10},
		                 {"model":"block/polished_granite_slab/1","weight":10},
						 {"model":"block/polished_granite_slab/2","weight":10},
						 {"model":"block/polished_granite_slab/3","weight":10} ],
        "type=top": [ {"model":"block/polished_granite_slab_top/0","weight":10},
					 {"model":"block/polished_granite_slab_top/1","weight":10},
					 {"model":"block/polished_granite_slab_top/2","weight":10},
					 {"model":"block/polished_granite_slab_top/3","weight":10} ],
        "type=double": { "model": "block/polished_granite_DS" }
    }
}
