{
    "variants": {
        "facing=east,half=bottom,shape=straight":  { "model": "block/custom/diner_sofa/diner_sofa_single" },
        "facing=west,half=bottom,shape=straight":  { "model": "block/custom/diner_sofa/diner_sofa_single", "y": 180 },
        "facing=south,half=bottom,shape=straight": { "model": "block/custom/diner_sofa/diner_sofa_single", "y": 90 },
        "facing=north,half=bottom,shape=straight": { "model": "block/custom/diner_sofa/diner_sofa_single", "y": 270 },
        "facing=east,half=bottom,shape=outer_right":  { "model": "block/custom/diner_sofa/diner_sofa_outer" },
        "facing=west,half=bottom,shape=outer_right":  { "model": "block/custom/diner_sofa/diner_sofa_outer", "y": 180 },
        "facing=south,half=bottom,shape=outer_right": { "model": "block/custom/diner_sofa/diner_sofa_outer", "y": 90 },
        "facing=north,half=bottom,shape=outer_right": { "model": "block/custom/diner_sofa/diner_sofa_outer", "y": 270 },
        "facing=east,half=bottom,shape=outer_left":  { "model": "block/custom/diner_sofa/diner_sofa_outer", "y": 270 },
        "facing=west,half=bottom,shape=outer_left":  { "model": "block/custom/diner_sofa/diner_sofa_outer", "y": 90 },
        "facing=south,half=bottom,shape=outer_left": { "model": "block/custom/diner_sofa/diner_sofa_outer" },
        "facing=north,half=bottom,shape=outer_left": { "model": "block/custom/diner_sofa/diner_sofa_outer", "y": 180 },
        "facing=east,half=bottom,shape=inner_right":  { "model": "block/custom/diner_sofa/diner_sofa_inner" },
        "facing=west,half=bottom,shape=inner_right":  { "model": "block/custom/diner_sofa/diner_sofa_inner", "y": 180 },
        "facing=south,half=bottom,shape=inner_right": { "model": "block/custom/diner_sofa/diner_sofa_inner", "y": 90 },
        "facing=north,half=bottom,shape=inner_right": { "model": "block/custom/diner_sofa/diner_sofa_inner", "y": 270 },
        "facing=east,half=bottom,shape=inner_left":  { "model": "block/custom/diner_sofa/diner_sofa_inner", "y": 270 },
        "facing=west,half=bottom,shape=inner_left":  { "model": "block/custom/diner_sofa/diner_sofa_inner", "y": 90 },
        "facing=south,half=bottom,shape=inner_left": { "model": "block/custom/diner_sofa/diner_sofa_inner" },
        "facing=north,half=bottom,shape=inner_left": { "model": "block/custom/diner_sofa/diner_sofa_inner", "y": 180 },
        "facing=east,half=top,shape=straight":  { "model": "block/prismarine_stairs", "x": 180 },
        "facing=west,half=top,shape=straight":  { "model": "block/prismarine_stairs", "x": 180, "y": 180 },
        "facing=south,half=top,shape=straight": { "model": "block/prismarine_stairs", "x": 180, "y": 90 },
        "facing=north,half=top,shape=straight": { "model": "block/prismarine_stairs", "x": 180, "y": 270 },
        "facing=east,half=top,shape=outer_right":  { "model": "block/prismarine_stairs_outer", "x": 180, "y": 90 },
        "facing=west,half=top,shape=outer_right":  { "model": "block/prismarine_stairs_outer", "x": 180, "y": 270 },
        "facing=south,half=top,shape=outer_right": { "model": "block/prismarine_stairs_outer", "x": 180, "y": 180 },
        "facing=north,half=top,shape=outer_right": { "model": "block/prismarine_stairs_outer", "x": 180 },
        "facing=east,half=top,shape=outer_left":  { "model": "block/prismarine_stairs_outer", "x": 180 },
        "facing=west,half=top,shape=outer_left":  { "model": "block/prismarine_stairs_outer", "x": 180, "y": 180 },
        "facing=south,half=top,shape=outer_left": { "model": "block/prismarine_stairs_outer", "x": 180, "y": 90 },
        "facing=north,half=top,shape=outer_left": { "model": "block/prismarine_stairs_outer", "x": 180, "y": 270 },
        "facing=east,half=top,shape=inner_right":  { "model": "block/prismarine_stairs_inner", "x": 180, "y": 90 },
        "facing=west,half=top,shape=inner_right":  { "model": "block/prismarine_stairs_inner", "x": 180, "y": 270 },
        "facing=south,half=top,shape=inner_right": { "model": "block/prismarine_stairs_inner", "x": 180, "y": 180 },
        "facing=north,half=top,shape=inner_right": { "model": "block/prismarine_stairs_inner", "x": 180 },
        "facing=east,half=top,shape=inner_left":  { "model": "block/prismarine_stairs_inner", "x": 180 },
        "facing=west,half=top,shape=inner_left":  { "model": "block/prismarine_stairs_inner", "x": 180, "y": 180 },
        "facing=south,half=top,shape=inner_left": { "model": "block/prismarine_stairs_inner", "x": 180, "y": 90 },
        "facing=north,half=top,shape=inner_left": { "model": "block/prismarine_stairs_inner", "x": 180, "y": 270 }
    }
}
