{
    "variants": {
        "type=bottom": [ {"model":"block/smooth_stone_slab/0","weight":30},
		                 {"model":"block/smooth_stone_slab/1","weight":5},
						 {"model":"block/smooth_stone_slab/2","weight":10},
						 {"model":"block/smooth_stone_slab/3","weight":10} ],
        "type=top": [ {"model":"block/smooth_stone_slab_top/0","weight":30},
					 {"model":"block/smooth_stone_slab_top/1","weight":5},
					 {"model":"block/smooth_stone_slab_top/2","weight":10},
					 {"model":"block/smooth_stone_slab_top/3","weight":10} ],
        "type=double": { "model": "block/smooth_stone_DS" }
    }
}
