{
	"credit": "Made with Blockbench",
	"parent": "block/block",
	"textures": {
		"0": "block/polished_andesite",
		"3": "block/end_stone_bricks",
		"4": "block/polished_diorite",
		"fire": "block/fire_0",
		"particle": "block/polished_andesite"
	},
	"elements": [
		{
			"name": "leg1",
			"from": [7.5, -2.45815, 3.82952],
			"to": [8.5, 5.54185, 4.82952],
			"rotation": {"angle": 22.5, "axis": "x", "origin": [8, 8, 8]},
			"faces": {
				"north": {"uv": [0, 0, 8, 1], "rotation": 270, "texture": "#4"},
				"east": {"uv": [0, 0, 8, 1], "rotation": 90, "texture": "#4"},
				"south": {"uv": [0, 0, 8, 1], "rotation": 270, "texture": "#4"},
				"west": {"uv": [0, 0, 8, 1], "rotation": 270, "texture": "#4"},
				"up": {"uv": [0, 0, 1, 1], "texture": "#4"},
				"down": {"uv": [0, 0, 1, 1], "rotation": 180, "texture": "#4"}
			}
		},
		{
			"name": "leg2",
			"from": [3.82952, -2.45815, 7.5],
			"to": [4.82952, 5.54185, 8.5],
			"rotation": {"angle": -22.5, "axis": "z", "origin": [8, 8, 8]},
			"faces": {
				"north": {"uv": [0, 0, 8, 1], "rotation": 90, "texture": "#4"},
				"east": {"uv": [0, 0, 8, 1], "rotation": 270, "texture": "#4"},
				"south": {"uv": [0, 0, 8, 1], "rotation": 270, "texture": "#4"},
				"west": {"uv": [0, 0, 8, 1], "rotation": 270, "texture": "#4"},
				"up": {"uv": [0, 0, 1, 1], "rotation": 270, "texture": "#4"},
				"down": {"uv": [0, 0, 1, 1], "rotation": 270, "texture": "#4"}
			}
		},
		{
			"name": "leg3",
			"from": [7.5, -2.45815, 11.17048],
			"to": [8.5, 5.54185, 12.17048],
			"rotation": {"angle": -22.5, "axis": "x", "origin": [8, 8, 8]},
			"faces": {
				"north": {"uv": [0, 0, 8, 1], "rotation": 270, "texture": "#4"},
				"east": {"uv": [0, 0, 8, 1], "rotation": 270, "texture": "#4"},
				"south": {"uv": [0, 0, 8, 1], "rotation": 270, "texture": "#4"},
				"west": {"uv": [0, 0, 8, 1], "rotation": 90, "texture": "#4"},
				"up": {"uv": [0, 0, 1, 1], "rotation": 180, "texture": "#4"},
				"down": {"uv": [0, 0, 1, 1], "texture": "#4"}
			}
		},
		{
			"name": "leg4",
			"from": [11.17048, -2.45815, 7.5],
			"to": [12.17048, 5.54185, 8.5],
			"rotation": {"angle": 22.5, "axis": "z", "origin": [8, 8, 8]},
			"faces": {
				"north": {"uv": [0, 0, 8, 1], "rotation": 270, "texture": "#4"},
				"east": {"uv": [0, 0, 8, 1], "rotation": 270, "texture": "#4"},
				"south": {"uv": [0, 0, 8, 1], "rotation": 90, "texture": "#4"},
				"west": {"uv": [0, 0, 8, 1], "rotation": 270, "texture": "#4"},
				"up": {"uv": [0, 0, 1, 1], "rotation": 90, "texture": "#4"},
				"down": {"uv": [0, 0, 1, 1], "rotation": 90, "texture": "#4"}
			}
		},
		{
			"from": [7.25, 1, 7.25],
			"to": [8.75, 5, 8.75],
			"faces": {
				"north": {"uv": [6, 0, 8, 5], "texture": "#3"},
				"east": {"uv": [4, 0, 6, 5], "texture": "#3"},
				"south": {"uv": [0, 1, 2, 6], "texture": "#3"},
				"west": {"uv": [0, 0, 2, 5], "texture": "#3"},
				"up": {"uv": [0, 0, 2, 2], "texture": "#3"},
				"down": {"uv": [0, 0, 2, 2], "texture": "#3"}
			}
		},
		{
			"from": [6, 0, 6],
			"to": [10, 1, 10],
			"rotation": {"angle": -45, "axis": "y", "origin": [8, 8, 8]},
			"faces": {
				"north": {"uv": [10, 14, 14, 15], "texture": "#3"},
				"east": {"uv": [2, 1, 6, 2], "texture": "#3"},
				"south": {"uv": [4, 14, 8, 15], "texture": "#3"},
				"west": {"uv": [8, 1, 12, 2], "texture": "#3"},
				"up": {"uv": [10, 2, 14, 6], "texture": "#3"},
				"down": {"uv": [8, 7, 12, 11], "texture": "#3"}
			}
		},
		{
			"from": [7, 5.3648, 7.51604],
			"to": [9, 7.7648, 7.51604],
			"shade": false,
			"rotation": {"angle": -22.5, "axis": "x", "origin": [8, 8, 8], "rescale": true},
			"faces": {
				"north": {"uv": [0, 0, 0, 0], "texture": "#fire"},
				"east": {"uv": [0, 0, 0, 0], "texture": "#fire"},
				"south": {"uv": [0, 0, 16, 16], "texture": "#fire"},
				"west": {"uv": [0, 0, 0, 0], "texture": "#fire"},
				"up": {"uv": [0, 0, 0, 0], "texture": "#fire"},
				"down": {"uv": [0, 0, 0, 0], "texture": "#fire"}
			}
		},
		{
			"from": [7, 5.27241, 8.52223],
			"to": [9, 7.67241, 8.52223],
			"shade": false,
			"rotation": {"angle": 22.5, "axis": "x", "origin": [8, 8, 8], "rescale": true},
			"faces": {
				"north": {"uv": [0, 0, 16, 16], "texture": "#fire"},
				"east": {"uv": [0, 0, 0, 0], "texture": "#fire"},
				"south": {"uv": [0, 0, 0, 0], "texture": "#fire"},
				"west": {"uv": [0, 0, 0, 0], "texture": "#fire"},
				"up": {"uv": [0, 0, 0, 0], "texture": "#fire"},
				"down": {"uv": [0, 0, 0, 0], "texture": "#fire"}
			}
		},
		{
			"from": [8.5068, 5.25271, 7],
			"to": [8.5068, 7.65271, 9],
			"shade": false,
			"rotation": {"angle": -22.5, "axis": "z", "origin": [8, 8, 8], "rescale": true},
			"faces": {
				"north": {"uv": [0, 0, 0, 0], "texture": "#fire"},
				"east": {"uv": [0, 0, 0, 0], "texture": "#fire"},
				"south": {"uv": [0, 0, 0, 0], "texture": "#fire"},
				"west": {"uv": [0, 0, 16, 16], "texture": "#fire"},
				"up": {"uv": [0, 0, 0, 0], "texture": "#fire"},
				"down": {"uv": [0, 0, 0, 0], "texture": "#fire"}
			}
		},
		{
			"from": [7.43908, 5.38337, 7],
			"to": [7.43908, 7.78337, 9],
			"shade": false,
			"rotation": {"angle": 22.5, "axis": "z", "origin": [8, 8, 8], "rescale": true},
			"faces": {
				"north": {"uv": [0, 0, 0, 0], "texture": "#fire"},
				"east": {"uv": [0, 0, 16, 16], "texture": "#fire"},
				"south": {"uv": [0, 0, 0, 0], "texture": "#fire"},
				"west": {"uv": [0, 0, 0, 0], "texture": "#fire"},
				"up": {"uv": [0, 0, 0, 0], "texture": "#fire"},
				"down": {"uv": [0, 0, 0, 0], "texture": "#fire"}
			}
		},
		{
			"name": "plate1",
			"from": [3.5, 6.5, 10],
			"to": [13, 7, 10.5],
			"rotation": {"angle": -45, "axis": "y", "origin": [8, 8, 8]},
			"faces": {
				"north": {"uv": [0, 1, 7.5, 1.5], "texture": "#0"},
				"east": {"uv": [0, 0, 0.5, 0.5], "texture": "#0"},
				"south": {"uv": [0, 0, 7.5, 0.5], "texture": "#0"},
				"west": {"uv": [0, 0, 0.5, 0.5], "texture": "#0"},
				"up": {"uv": [2, 1, 9.5, 1.5], "rotation": 180, "texture": "#0"},
				"down": {"uv": [0, 0, 7.5, 0.5], "rotation": 180, "texture": "#0"}
			}
		},
		{
			"name": "plate2",
			"from": [3.5, 6.5, 5.5],
			"to": [13, 7, 6],
			"rotation": {"angle": -45, "axis": "y", "origin": [8, 8, 8]},
			"faces": {
				"north": {"uv": [0, 1, 7.5, 1.5], "texture": "#0"},
				"east": {"uv": [0, 0, 0.5, 0.5], "texture": "#0"},
				"south": {"uv": [0, 0, 7.5, 0.5], "texture": "#0"},
				"west": {"uv": [0, 0, 0.5, 0.5], "texture": "#0"},
				"up": {"uv": [2, 1, 9.5, 1.5], "rotation": 180, "texture": "#0"},
				"down": {"uv": [0, 0, 7.5, 0.5], "rotation": 180, "texture": "#0"}
			}
		},
		{
			"name": "plate3",
			"from": [11, 7, 3.5],
			"to": [11.5, 7.5, 12.5],
			"rotation": {"angle": -45, "axis": "y", "origin": [8, 8, 8]},
			"faces": {
				"north": {"uv": [0, 0, 0.5, 0.5], "texture": "#0"},
				"east": {"uv": [0, 0, 9, 0.5], "texture": "#0"},
				"south": {"uv": [0, 0, 0.5, 0.5], "texture": "#0"},
				"west": {"uv": [0, 0, 9, 0.5], "texture": "#0"},
				"up": {"uv": [0, 0, 9, 0.5], "rotation": 270, "texture": "#0"},
				"down": {"uv": [0, 0, 9, 0.5], "rotation": 90, "texture": "#0"}
			}
		},
		{
			"name": "plate4",
			"from": [12, 7, 3.5],
			"to": [12.5, 7.5, 12.5],
			"rotation": {"angle": -45, "axis": "y", "origin": [8, 8, 8]},
			"faces": {
				"north": {"uv": [0, 0, 0.5, 0.5], "texture": "#0"},
				"east": {"uv": [0, 0, 9, 0.5], "texture": "#0"},
				"south": {"uv": [0, 0, 0.5, 0.5], "texture": "#0"},
				"west": {"uv": [0, 0, 9, 0.5], "texture": "#0"},
				"up": {"uv": [0, 0, 9, 0.5], "rotation": 270, "texture": "#0"},
				"down": {"uv": [0, 0, 9, 0.5], "rotation": 90, "texture": "#0"}
			}
		},
		{
			"name": "plate4",
			"from": [10, 7, 3.5],
			"to": [10.5, 7.5, 12.5],
			"rotation": {"angle": -45, "axis": "y", "origin": [8, 8, 8]},
			"faces": {
				"north": {"uv": [0, 0, 0.5, 0.5], "texture": "#0"},
				"east": {"uv": [0, 0, 9, 0.5], "texture": "#0"},
				"south": {"uv": [0, 0, 0.5, 0.5], "texture": "#0"},
				"west": {"uv": [0, 0, 9, 0.5], "texture": "#0"},
				"up": {"uv": [0, 0, 9, 0.5], "rotation": 90, "texture": "#0"},
				"down": {"uv": [0, 0, 9, 0.5], "rotation": 90, "texture": "#0"}
			}
		},
		{
			"name": "plate5",
			"from": [9, 7, 3.5],
			"to": [9.5, 7.5, 12.5],
			"rotation": {"angle": -45, "axis": "y", "origin": [8, 8, 8]},
			"faces": {
				"north": {"uv": [0, 0, 0.5, 0.5], "texture": "#0"},
				"east": {"uv": [0, 0, 9, 0.5], "texture": "#0"},
				"south": {"uv": [0, 0, 0.5, 0.5], "texture": "#0"},
				"west": {"uv": [0, 0, 9, 0.5], "texture": "#0"},
				"up": {"uv": [0, 0, 9, 0.5], "rotation": 270, "texture": "#0"},
				"down": {"uv": [0, 0, 9, 0.5], "rotation": 90, "texture": "#0"}
			}
		},
		{
			"name": "plate6",
			"from": [8, 7, 3.5],
			"to": [8.5, 7.5, 12.5],
			"rotation": {"angle": -45, "axis": "y", "origin": [8, 8, 8]},
			"faces": {
				"north": {"uv": [0, 0, 0.5, 0.5], "texture": "#0"},
				"east": {"uv": [0, 0, 9, 0.5], "texture": "#0"},
				"south": {"uv": [0, 0, 0.5, 0.5], "texture": "#0"},
				"west": {"uv": [0, 0, 9, 0.5], "texture": "#0"},
				"up": {"uv": [0, 0, 9, 0.5], "rotation": 90, "texture": "#0"},
				"down": {"uv": [0, 0, 9, 0.5], "rotation": 90, "texture": "#0"}
			}
		},
		{
			"name": "plate7",
			"from": [7, 7, 3.5],
			"to": [7.5, 7.5, 12.5],
			"rotation": {"angle": -45, "axis": "y", "origin": [8, 8, 8]},
			"faces": {
				"north": {"uv": [0, 0, 0.5, 0.5], "texture": "#0"},
				"east": {"uv": [0, 0, 9, 0.5], "texture": "#0"},
				"south": {"uv": [0, 0, 0.5, 0.5], "texture": "#0"},
				"west": {"uv": [0, 0, 9, 0.5], "texture": "#0"},
				"up": {"uv": [0, 0, 9, 0.5], "rotation": 270, "texture": "#0"},
				"down": {"uv": [0, 0, 9, 0.5], "rotation": 90, "texture": "#0"}
			}
		},
		{
			"name": "plate8",
			"from": [6, 7, 3.5],
			"to": [6.5, 7.5, 12.5],
			"rotation": {"angle": -45, "axis": "y", "origin": [8, 8, 8]},
			"faces": {
				"north": {"uv": [0, 0, 0.5, 0.5], "texture": "#0"},
				"east": {"uv": [0, 0, 9, 0.5], "texture": "#0"},
				"south": {"uv": [0, 0, 0.5, 0.5], "texture": "#0"},
				"west": {"uv": [0, 0, 9, 0.5], "texture": "#0"},
				"up": {"uv": [0, 0, 9, 0.5], "rotation": 90, "texture": "#0"},
				"down": {"uv": [0, 0, 9, 0.5], "rotation": 90, "texture": "#0"}
			}
		},
		{
			"name": "plate9",
			"from": [5, 7, 3.5],
			"to": [5.5, 7.5, 12.5],
			"rotation": {"angle": -45, "axis": "y", "origin": [8, 8, 8]},
			"faces": {
				"north": {"uv": [0, 0, 0.5, 0.5], "texture": "#0"},
				"east": {"uv": [0, 0, 8, 0.5], "texture": "#0"},
				"south": {"uv": [0, 0, 0.5, 0.5], "texture": "#0"},
				"west": {"uv": [0, 0, 8, 0.5], "texture": "#0"},
				"up": {"uv": [0, 1, 8, 1.5], "rotation": 270, "texture": "#0"},
				"down": {"uv": [0, 0, 8, 0.5], "rotation": 90, "texture": "#0"}
			}
		},
		{
			"name": "plate10",
			"from": [4, 7, 3.5],
			"to": [4.5, 7.5, 12.5],
			"rotation": {"angle": -45, "axis": "y", "origin": [8, 8, 8]},
			"faces": {
				"north": {"uv": [0, 0, 0.5, 0.5], "texture": "#0"},
				"east": {"uv": [0, 0, 8, 0.5], "texture": "#0"},
				"south": {"uv": [0, 0, 0.5, 0.5], "texture": "#0"},
				"west": {"uv": [0, 0, 8, 0.5], "texture": "#0"},
				"up": {"uv": [2, 3, 10, 3.5], "rotation": 270, "texture": "#0"},
				"down": {"uv": [0, 0, 8, 0.5], "rotation": 90, "texture": "#0"}
			}
		},
		{
			"name": "plate10",
			"from": [5, 7, 3.5],
			"to": [5.5, 7.5, 12.5],
			"rotation": {"angle": -45, "axis": "y", "origin": [8, 8, 8]},
			"faces": {
				"north": {"uv": [0, 0, 0.5, 0.5], "texture": "#0"},
				"east": {"uv": [0, 0, 9, 0.5], "texture": "#0"},
				"south": {"uv": [0, 0, 0.5, 0.5], "texture": "#0"},
				"west": {"uv": [0, 0, 9, 0.5], "texture": "#0"},
				"up": {"uv": [0, 0, 9, 0.5], "rotation": 270, "texture": "#0"},
				"down": {"uv": [0, 0, 9, 0.5], "rotation": 90, "texture": "#0"}
			}
		}
	],
	"groups": [0, 1, 2, 3, 4, 5,
		{
			"name": "fire_floor0",
			"origin": [8, 8, 8],
			"children": []
		},
		{
			"name": "fire_floor",
			"origin": [8, 8, 8],
			"children": [6, 7, 8, 9]
		},
		{
			"name": "plate",
			"origin": [8, 8, 8],
			"children": [10, 11, 12, 13, 14, 15, 16, 17, 18, 19, 20, 21]
		}
	]
}