{
	"credit": "Made with Blockbench",
	"parent": "block/block",
	"textures": {
		"particle": "item/custom/nukabottle/cola",
		"5_0": "item/custom/nukabottle/cola"
	},
	"elements": [
		{
			"name": "cap",
			"from": [9.79964, 19.99459, 6.70576],
			"to": [12.79964, 20.99459, 9.70576],
			"rotation": {"angle": 0, "axis": "y", "origin": [8, 12.5, 8]},
			"faces": {
				"north": {"uv": [11, 5, 15, 7], "texture": "#5_0"},
				"east": {"uv": [11, 5, 15, 7], "texture": "#5_0"},
				"south": {"uv": [11, 5, 15, 7], "texture": "#5_0"},
				"west": {"uv": [11, 5, 15, 7], "texture": "#5_0"},
				"up": {"uv": [11, 0, 15, 4], "texture": "#5_0"},
				"down": {"uv": [11, 0, 15, 4], "texture": "#5_0"}
			}
		},
		{
			"name": "upperneck",
			"from": [9.18771, 17.99459, 9.47869],
			"to": [11.18771, 19.99459, 11.47869],
			"rotation": {"angle": 45, "axis": "y", "origin": [8, 11, 8]},
			"faces": {
				"north": {"uv": [11, 8, 13, 10], "texture": "#5_0"},
				"east": {"uv": [13, 8, 15, 10], "texture": "#5_0"},
				"south": {"uv": [11, 8, 13, 10], "texture": "#5_0"},
				"west": {"uv": [13, 8, 15, 10], "texture": "#5_0"}
			}
		},
		{
			"name": "lowerneck",
			"from": [8.68771, 15.99459, 8.97869],
			"to": [11.68771, 17.99459, 11.97869],
			"rotation": {"angle": 45, "axis": "y", "origin": [8, 9, 8]},
			"faces": {
				"north": {"uv": [11, 10, 14, 12], "texture": "#5_0"},
				"east": {"uv": [12, 10, 15, 12], "texture": "#5_0"},
				"south": {"uv": [11, 10, 14, 12], "texture": "#5_0"},
				"west": {"uv": [12, 10, 15, 12], "texture": "#5_0"},
				"up": {"uv": [11, 8, 14, 11], "texture": "#5_0"}
			}
		},
		{
			"name": "body",
			"from": [8.47869, 8.99459, 3.81229],
			"to": [12.47869, 15.99459, 7.81229],
			"rotation": {"angle": -45, "axis": "y", "origin": [8, 8, 8]},
			"faces": {
				"north": {"uv": [11, 9, 15, 16], "texture": "#5_0"},
				"east": {"uv": [11, 9, 15, 16], "texture": "#5_0"},
				"south": {"uv": [11, 9, 15, 16], "texture": "#5_0"},
				"west": {"uv": [11, 9, 15, 16], "texture": "#5_0"},
				"up": {"uv": [11, 9, 15, 16], "texture": "#5_0"},
				"down": {"uv": [11, 9, 15, 16], "texture": "#5_0"}
			}
		},
		{
			"name": "bottom",
			"from": [8.68771, 7.99459, 8.97869],
			"to": [11.68771, 8.99459, 11.97869],
			"rotation": {"angle": 45, "axis": "y", "origin": [8, 8, 8]},
			"faces": {
				"north": {"uv": [11, 8, 14, 9], "texture": "#5_0"},
				"east": {"uv": [11, 8, 14, 9], "texture": "#5_0"},
				"south": {"uv": [11, 8, 14, 9], "texture": "#5_0"},
				"west": {"uv": [11, 8, 14, 9], "texture": "#5_0"},
				"up": {"uv": [11, 8, 14, 9], "texture": "#5_0"},
				"down": {"uv": [11, 8, 14, 9], "texture": "#5_0"}
			}
		},
		{
			"name": "leg2",
			"from": [8.29964, 7.49459, 7.70576],
			"to": [10.29964, 10.49459, 8.70576],
			"rotation": {"angle": 0, "axis": "y", "origin": [6.5, 1.5, 6.5]},
			"faces": {
				"north": {"uv": [13, 13, 15, 16], "texture": "#5_0"},
				"east": {"uv": [14, 13, 15, 16], "texture": "#5_0"},
				"south": {"uv": [13, 13, 15, 16], "texture": "#5_0"},
				"west": {"uv": [14, 13, 15, 16], "texture": "#5_0"},
				"up": {"uv": [14, 13, 15, 16], "texture": "#5_0"},
				"down": {"uv": [14, 13, 15, 16], "texture": "#5_0"}
			}
		},
		{
			"name": "leg3",
			"from": [12.29964, 7.49459, 7.70576],
			"to": [14.29964, 10.49459, 8.70576],
			"rotation": {"angle": 0, "axis": "x", "origin": [10, 1.5, 8]},
			"faces": {
				"north": {"uv": [13, 13, 14, 16], "texture": "#5_0"},
				"east": {"uv": [13, 13, 14, 16], "texture": "#5_0"},
				"south": {"uv": [13, 13, 14, 16], "texture": "#5_0"},
				"west": {"uv": [13, 13, 14, 16], "texture": "#5_0"},
				"up": {"uv": [13, 13, 14, 16], "texture": "#5_0"},
				"down": {"uv": [13, 13, 14, 16], "texture": "#5_0"}
			}
		},
		{
			"name": "leg4",
			"from": [10.79964, 7.49459, 5.20576],
			"to": [11.79964, 10.49459, 7.20576],
			"rotation": {"angle": 0, "axis": "y", "origin": [6.5, 1.5, 6.5]},
			"faces": {
				"north": {"uv": [14, 14, 15, 16], "texture": "#5_0"},
				"east": {"uv": [14, 14, 15, 16], "texture": "#5_0"},
				"south": {"uv": [14, 14, 15, 16], "texture": "#5_0"},
				"west": {"uv": [14, 14, 15, 16], "texture": "#5_0"},
				"up": {"uv": [14, 14, 15, 16], "texture": "#5_0"},
				"down": {"uv": [14, 14, 15, 16], "texture": "#5_0"}
			}
		},
		{
			"name": "leg5",
			"from": [10.79964, 7.49459, 9.20576],
			"to": [11.79964, 10.49459, 11.20576],
			"rotation": {"angle": 0, "axis": "y", "origin": [6.5, 1.5, 6.5]},
			"faces": {
				"north": {"uv": [13, 13, 15, 16], "texture": "#5_0"},
				"east": {"uv": [13, 13, 15, 16], "texture": "#5_0"},
				"south": {"uv": [13, 13, 15, 16], "texture": "#5_0"},
				"west": {"uv": [13, 13, 15, 16], "texture": "#5_0"},
				"up": {"uv": [13, 13, 15, 16], "texture": "#5_0"},
				"down": {"uv": [13, 13, 15, 16], "texture": "#5_0"}
			}
		}
	],
	"display": {
		"thirdperson_righthand": {
			"rotation": [0, -120, 0],
			"scale": [0.45, 0.45, -0.45]
		},
		"thirdperson_lefthand": {
			"rotation": [0, -120, 0],
			"scale": [0.45, 0.45, -0.45]
		},
		"firstperson_righthand": {
			"rotation": [0, 143, 0],
			"translation": [0, 2, 0],
			"scale": [0.45, 0.45, 0.45]
		},
		"firstperson_lefthand": {
			"rotation": [0, 142, 0],
			"translation": [0, 2, 0],
			"scale": [0.45, 0.45, 0.45]
		},
		"ground": {
			"rotation": [30, -20, 20],
			"translation": [0, 4.5, 0],
			"scale": [0.6, 0.6, 0.6]
		},
		"gui": {
			"rotation": [13, 172, -15],
			"translation": [-0.5, 1.5, 0],
			"scale": [1.06, 1.06, 1.06]
		},
		"head": {
			"rotation": [20, 31, 11],
			"translation": [-3.5, 2, 0],
			"scale": [0.4, 0.4, 0.4]
		},
		"fixed": {
			"translation": [0, 1.75, -1.75],
			"scale": [1.41, 1.41, 1.41]
		}
	},
	"groups": [
		{
			"name": "cola2",
			"origin": [8, 8, 8],
			"children": [0, 1, 2, 3, 4, 5, 6, 7, 8]
		}
	]
}