{
	"credit": "Made with Blockbench",
	"parent": "block/block",
	"textures": {
		"particle": "item/custom/nukabottle/cola",
		"5_0": "item/custom/nukabottle/cola"
	},
	"elements": [
		{
			"name": "cap",
			"from": [4.89635, 20.00646, 8.5972],
			"to": [7.89635, 21.00646, 11.5972],
			"rotation": {"angle": 0, "axis": "y", "origin": [8, 12.5, 8]},
			"faces": {
				"north": {"uv": [11, 5, 15, 7], "texture": "#5_0"},
				"east": {"uv": [11, 5, 15, 7], "texture": "#5_0"},
				"south": {"uv": [11, 5, 15, 7], "texture": "#5_0"},
				"west": {"uv": [11, 5, 15, 7], "texture": "#5_0"},
				"up": {"uv": [11, 0, 15, 4], "texture": "#5_0"},
				"down": {"uv": [11, 0, 15, 4], "texture": "#5_0"}
			}
		},
		{
			"name": "upperneck",
			"from": [4.3831, 18.00646, 7.34899],
			"to": [6.3831, 20.00646, 9.34899],
			"rotation": {"angle": 45, "axis": "y", "origin": [8, 11, 8]},
			"faces": {
				"north": {"uv": [11, 8, 13, 10], "texture": "#5_0"},
				"east": {"uv": [13, 8, 15, 10], "texture": "#5_0"},
				"south": {"uv": [11, 8, 13, 10], "texture": "#5_0"},
				"west": {"uv": [13, 8, 15, 10], "texture": "#5_0"}
			}
		},
		{
			"name": "lowerneck",
			"from": [3.8831, 16.00646, 6.84899],
			"to": [6.8831, 18.00646, 9.84899],
			"rotation": {"angle": 45, "axis": "y", "origin": [8, 9, 8]},
			"faces": {
				"north": {"uv": [11, 10, 14, 12], "texture": "#5_0"},
				"east": {"uv": [12, 10, 15, 12], "texture": "#5_0"},
				"south": {"uv": [11, 10, 14, 12], "texture": "#5_0"},
				"west": {"uv": [12, 10, 15, 12], "texture": "#5_0"},
				"up": {"uv": [11, 8, 14, 11], "texture": "#5_0"}
			}
		},
		{
			"name": "body",
			"from": [6.34899, 9.00646, 8.6169],
			"to": [10.34899, 16.00646, 12.6169],
			"rotation": {"angle": -45, "axis": "y", "origin": [8, 8, 8]},
			"faces": {
				"north": {"uv": [11, 9, 15, 16], "texture": "#5_0"},
				"east": {"uv": [11, 9, 15, 16], "texture": "#5_0"},
				"south": {"uv": [11, 9, 15, 16], "texture": "#5_0"},
				"west": {"uv": [11, 9, 15, 16], "texture": "#5_0"},
				"up": {"uv": [11, 9, 15, 16], "texture": "#5_0"},
				"down": {"uv": [11, 9, 15, 16], "texture": "#5_0"}
			}
		},
		{
			"name": "bottom",
			"from": [3.8831, 8.00646, 6.84899],
			"to": [6.8831, 9.00646, 9.84899],
			"rotation": {"angle": 45, "axis": "y", "origin": [8, 8, 8]},
			"faces": {
				"north": {"uv": [11, 8, 14, 9], "texture": "#5_0"},
				"east": {"uv": [11, 8, 14, 9], "texture": "#5_0"},
				"south": {"uv": [11, 8, 14, 9], "texture": "#5_0"},
				"west": {"uv": [11, 8, 14, 9], "texture": "#5_0"},
				"up": {"uv": [11, 8, 14, 9], "texture": "#5_0"},
				"down": {"uv": [11, 8, 14, 9], "texture": "#5_0"}
			}
		},
		{
			"name": "leg3",
			"from": [3.39635, 7.50646, 9.5972],
			"to": [5.39635, 10.50646, 10.5972],
			"rotation": {"angle": 0, "axis": "y", "origin": [6.5, 1.5, 6.5]},
			"faces": {
				"north": {"uv": [13, 13, 15, 16], "texture": "#5_0"},
				"east": {"uv": [14, 13, 15, 16], "texture": "#5_0"},
				"south": {"uv": [13, 13, 15, 16], "texture": "#5_0"},
				"west": {"uv": [14, 13, 15, 16], "texture": "#5_0"},
				"up": {"uv": [14, 13, 15, 16], "texture": "#5_0"},
				"down": {"uv": [14, 13, 15, 16], "texture": "#5_0"}
			}
		},
		{
			"name": "leg4",
			"from": [7.39635, 7.50646, 9.5972],
			"to": [9.39635, 10.50646, 10.5972],
			"rotation": {"angle": 0, "axis": "x", "origin": [10, 1.5, 8]},
			"faces": {
				"north": {"uv": [13, 13, 14, 16], "texture": "#5_0"},
				"east": {"uv": [13, 13, 14, 16], "texture": "#5_0"},
				"south": {"uv": [13, 13, 14, 16], "texture": "#5_0"},
				"west": {"uv": [13, 13, 14, 16], "texture": "#5_0"},
				"up": {"uv": [13, 13, 14, 16], "texture": "#5_0"},
				"down": {"uv": [13, 13, 14, 16], "texture": "#5_0"}
			}
		},
		{
			"name": "leg5",
			"from": [5.89635, 7.50646, 7.0972],
			"to": [6.89635, 10.50646, 9.0972],
			"rotation": {"angle": 0, "axis": "y", "origin": [6.5, 1.5, 6.5]},
			"faces": {
				"north": {"uv": [14, 14, 15, 16], "texture": "#5_0"},
				"east": {"uv": [14, 14, 15, 16], "texture": "#5_0"},
				"south": {"uv": [14, 14, 15, 16], "texture": "#5_0"},
				"west": {"uv": [14, 14, 15, 16], "texture": "#5_0"},
				"up": {"uv": [14, 14, 15, 16], "texture": "#5_0"},
				"down": {"uv": [14, 14, 15, 16], "texture": "#5_0"}
			}
		},
		{
			"name": "leg6",
			"from": [5.89635, 7.50646, 11.0972],
			"to": [6.89635, 10.50646, 13.0972],
			"rotation": {"angle": 0, "axis": "y", "origin": [6.5, 1.5, 6.5]},
			"faces": {
				"north": {"uv": [13, 13, 15, 16], "texture": "#5_0"},
				"east": {"uv": [13, 13, 15, 16], "texture": "#5_0"},
				"south": {"uv": [13, 13, 15, 16], "texture": "#5_0"},
				"west": {"uv": [13, 13, 15, 16], "texture": "#5_0"},
				"up": {"uv": [13, 13, 15, 16], "texture": "#5_0"},
				"down": {"uv": [13, 13, 15, 16], "texture": "#5_0"}
			}
		}
	],
	"display": {
		"thirdperson_righthand": {
			"rotation": [0, -120, 0],
			"scale": [0.45, 0.45, -0.45]
		},
		"thirdperson_lefthand": {
			"rotation": [0, -120, 0],
			"scale": [0.45, 0.45, -0.45]
		},
		"firstperson_righthand": {
			"rotation": [0, 143, 0],
			"translation": [0, 2, 0],
			"scale": [0.45, 0.45, 0.45]
		},
		"firstperson_lefthand": {
			"rotation": [0, 142, 0],
			"translation": [0, 2, 0],
			"scale": [0.45, 0.45, 0.45]
		},
		"ground": {
			"rotation": [30, -20, 20],
			"translation": [0, 4.5, 0],
			"scale": [0.6, 0.6, 0.6]
		},
		"gui": {
			"rotation": [13, 172, -15],
			"translation": [-0.5, 1.5, 0],
			"scale": [1.06, 1.06, 1.06]
		},
		"head": {
			"rotation": [20, 31, 11],
			"translation": [-3.5, 2, 0],
			"scale": [0.4, 0.4, 0.4]
		},
		"fixed": {
			"translation": [0, 1.75, -1.75],
			"scale": [1.41, 1.41, 1.41]
		}
	},
	"groups": [
		{
			"name": "cola3",
			"origin": [8, 8, 8],
			"children": [0, 1, 2, 3, 4, 5, 6, 7, 8]
		}
	]
}