{
	"credit": "Made with Blockbench",
	"parent": "block/door_bottom",
	"textures": {
		"0": "block/oak_door_bottom",
		"particle": "block/oak_door_bottom"
	},
	"elements": [
		{
			"name": "Side_r",
			"from": [0, 0, 0],
			"to": [2, 16, 3],
			"faces": {
				"north": {"uv": [2, 0, 0, 16], "texture": "#0"},
				"east": {"uv": [0, 0, 3, 16], "texture": "#0"},
				"south": {"uv": [0, 0, 2, 16], "texture": "#0"},
				"west": {"uv": [0, 0, 3, 16], "texture": "#0"},
				"up": {"uv": [0, 0, 2, 3], "texture": "#0"},
				"down": {"uv": [0, 0, 2, 3], "texture": "#0"}
			}
		},
		{
			"name": "Side_l",
			"from": [13.99996, -0.02443, 0.02443],
			"to": [15.99996, 15.97557, 3.02443],
			"faces": {
				"north": {"uv": [16, 0, 14, 16], "texture": "#0"},
				"east": {"uv": [13, 0, 16, 16], "texture": "#0"},
				"south": {"uv": [14, 0, 16, 16], "texture": "#0"},
				"west": {"uv": [14, 0, 16, 16], "texture": "#0"},
				"up": {"uv": [14, 13, 16, 16], "texture": "#0"},
				"down": {"uv": [14, 13, 16, 16], "texture": "#0"}
			}
		},
		{
			"name": "bottom",
			"from": [1.99997, -0.0192, 0.0192],
			"to": [13.99997, 2.9808, 3.0192],
			"faces": {
				"north": {"uv": [2, 13, 14, 16], "texture": "#0"},
				"east": {"uv": [2, 13, 14, 16], "texture": "#0"},
				"south": {"uv": [2, 13, 14, 16], "texture": "#0"},
				"west": {"uv": [2, 13, 14, 16], "texture": "#0"},
				"up": {"uv": [2, 13, 14, 16], "texture": "#0"},
				"down": {"uv": [2, 13, 14, 16], "texture": "#0"}
			}
		},
		{
			"name": "middle",
			"from": [7.00696, 2.98079, 0.01222],
			"to": [9.00696, 11.98079, 3.01222],
			"faces": {
				"north": {"uv": [7, 4, 9, 13], "texture": "#0"},
				"east": {"uv": [7, 4, 9, 13], "texture": "#0"},
				"south": {"uv": [7, 4, 9, 13], "texture": "#0"},
				"west": {"uv": [7, 4, 9, 13], "texture": "#0"},
				"up": {"uv": [7, 4, 9, 13], "texture": "#0"},
				"down": {"uv": [7, 4, 9, 13], "texture": "#0"}
			}
		},
		{
			"name": "infill",
			"from": [2.0061, 2.98864, 0.50523],
			"to": [7.0061, 11.98864, 2.50523],
			"faces": {
				"north": {"uv": [2, 4, 7, 13], "texture": "#0"},
				"east": {"uv": [2, 4, 7, 13], "texture": "#0"},
				"south": {"uv": [2, 4, 7, 13], "texture": "#0"},
				"west": {"uv": [2, 4, 7, 13], "texture": "#0"},
				"up": {"uv": [2, 4, 7, 13], "texture": "#0"},
				"down": {"uv": [2, 4, 7, 13], "texture": "#0"}
			}
		},
		{
			"name": "infill",
			"from": [2.02708, 13.98686, 0.48604],
			"to": [7.02708, 14.98686, 2.48604],
			"faces": {
				"north": {"uv": [2, 1, 7, 2], "texture": "#0"},
				"east": {"uv": [2, 1, 7, 2], "texture": "#0"},
				"south": {"uv": [2, 1, 7, 2], "texture": "#0"},
				"west": {"uv": [2, 1, 7, 2], "texture": "#0"},
				"up": {"uv": [2, 1, 7, 2], "texture": "#0"},
				"down": {"uv": [2, 1, 7, 2], "texture": "#0"}
			}
		},
		{
			"name": "infill",
			"from": [9.02705, 13.97465, 0.49826],
			"to": [14.02705, 14.97465, 2.49826],
			"faces": {
				"north": {"uv": [9, 1, 14, 2], "texture": "#0"},
				"east": {"uv": [9, 1, 14, 2], "texture": "#0"},
				"south": {"uv": [9, 1, 14, 2], "texture": "#0"},
				"west": {"uv": [9, 1, 14, 2], "texture": "#0"},
				"up": {"uv": [9, 1, 14, 2], "texture": "#0"},
				"down": {"uv": [9, 1, 14, 2], "texture": "#0"}
			}
		},
		{
			"name": "infill",
			"from": [13.0288, 14.97464, 0.49651],
			"to": [14.0288, 15.97464, 2.49651],
			"faces": {
				"north": {"uv": [13, 0, 14, 1], "texture": "#0"},
				"east": {"uv": [13, 0, 14, 1], "texture": "#0"},
				"south": {"uv": [13, 0, 14, 1], "texture": "#0"},
				"west": {"uv": [13, 0, 14, 1], "texture": "#0"},
				"up": {"uv": [13, 0, 14, 1], "texture": "#0"},
				"down": {"uv": [13, 0, 14, 1], "texture": "#0"}
			}
		},
		{
			"name": "infill",
			"from": [14.02792, 11.97028, -0.99825],
			"to": [15.02792, 12.97028, 0.00175],
			"faces": {
				"north": {"uv": [14, 3, 15, 4], "texture": "#0"},
				"east": {"uv": [14, 3, 15, 4], "texture": "#0"},
				"south": {"uv": [14, 3, 15, 4], "texture": "#0"},
				"west": {"uv": [14, 3, 15, 4], "texture": "#0"},
				"up": {"uv": [14, 3, 15, 4], "texture": "#0"},
				"down": {"uv": [14, 3, 15, 4], "texture": "#0"}
			}
		},
		{
			"name": "infill",
			"from": [14.02095, 11.97727, 3.00174],
			"to": [15.02095, 12.97727, 4.00174],
			"faces": {
				"north": {"uv": [14, 3, 15, 4], "texture": "#0"},
				"east": {"uv": [14, 3, 15, 4], "texture": "#0"},
				"south": {"uv": [14, 3, 15, 4], "texture": "#0"},
				"west": {"uv": [14, 3, 15, 4], "texture": "#0"},
				"up": {"uv": [14, 3, 15, 4], "texture": "#0"},
				"down": {"uv": [14, 3, 15, 4], "texture": "#0"}
			}
		},
		{
			"name": "infill",
			"from": [10.52792, 12.47203, -1.49999],
			"to": [14.52792, 13.47203, -0.49999],
			"faces": {
				"north": {"uv": [11, 2, 15, 3], "texture": "#0"},
				"east": {"uv": [11, 2, 15, 3], "texture": "#0"},
				"south": {"uv": [11, 2, 15, 3], "texture": "#0"},
				"west": {"uv": [11, 2, 15, 3], "texture": "#0"},
				"up": {"uv": [11, 2, 15, 3], "texture": "#0"},
				"down": {"uv": [11, 2, 15, 3], "texture": "#0"}
			}
		},
		{
			"name": "infill",
			"from": [10.51921, 12.48077, 3.49999],
			"to": [14.51921, 13.48077, 4.49999],
			"faces": {
				"north": {"uv": [11, 2, 15, 3], "texture": "#0"},
				"east": {"uv": [11, 2, 15, 3], "texture": "#0"},
				"south": {"uv": [11, 2, 15, 3], "texture": "#0"},
				"west": {"uv": [11, 2, 15, 3], "texture": "#0"},
				"up": {"uv": [11, 2, 15, 3], "texture": "#0"},
				"down": {"uv": [11, 2, 15, 3], "texture": "#0"}
			}
		},
		{
			"name": "infill",
			"from": [9.02881, 14.98162, 0.48953],
			"to": [10.02881, 15.98162, 2.48953],
			"faces": {
				"north": {"uv": [9, 0, 10, 1], "texture": "#0"},
				"east": {"uv": [9, 0, 10, 1], "texture": "#0"},
				"south": {"uv": [9, 0, 10, 1], "texture": "#0"},
				"west": {"uv": [9, 0, 10, 1], "texture": "#0"},
				"up": {"uv": [9, 0, 10, 1], "texture": "#0"},
				"down": {"uv": [9, 0, 10, 1], "texture": "#0"}
			}
		},
		{
			"name": "infill",
			"from": [6.02882, 14.98686, 0.48429],
			"to": [7.02882, 15.98686, 2.48429],
			"faces": {
				"north": {"uv": [6, 0, 7, 1], "texture": "#0"},
				"east": {"uv": [6, 0, 7, 1], "texture": "#0"},
				"south": {"uv": [6, 0, 7, 1], "texture": "#0"},
				"west": {"uv": [6, 0, 7, 1], "texture": "#0"},
				"up": {"uv": [6, 0, 7, 1], "texture": "#0"},
				"down": {"uv": [6, 0, 7, 1], "texture": "#0"}
			}
		},
		{
			"name": "infill",
			"from": [2.02884, 14.99384, 0.47731],
			"to": [3.02884, 15.99384, 2.47731],
			"faces": {
				"north": {"uv": [2, 0, 3, 1], "texture": "#0"},
				"east": {"uv": [2, 0, 3, 1], "texture": "#0"},
				"south": {"uv": [2, 0, 3, 1], "texture": "#0"},
				"west": {"uv": [2, 0, 3, 1], "texture": "#0"},
				"up": {"uv": [2, 0, 3, 1], "texture": "#0"},
				"down": {"uv": [2, 0, 3, 1], "texture": "#0"}
			}
		},
		{
			"name": "infill",
			"from": [3.02796, 14.99122, 0.9808],
			"to": [6.02796, 15.99122, 1.9808],
			"faces": {
				"north": {"uv": [3, 0, 6, 1], "texture": "#0"},
				"east": {"uv": [3, 0, 6, 1], "texture": "#0"},
				"south": {"uv": [3, 0, 6, 1], "texture": "#0"},
				"west": {"uv": [3, 0, 6, 1], "texture": "#0"},
				"up": {"uv": [3, 0, 6, 1], "texture": "#0"},
				"down": {"uv": [3, 0, 6, 1], "texture": "#0"}
			}
		},
		{
			"name": "infill",
			"from": [10.02794, 14.97901, 0.99302],
			"to": [13.02794, 15.97901, 1.99302],
			"faces": {
				"north": {"uv": [10, 0, 13, 1], "texture": "#0"},
				"east": {"uv": [10, 0, 13, 1], "texture": "#0"},
				"south": {"uv": [10, 0, 13, 1], "texture": "#0"},
				"west": {"uv": [10, 0, 13, 1], "texture": "#0"},
				"up": {"uv": [10, 0, 13, 1], "texture": "#0"},
				"down": {"uv": [10, 0, 13, 1], "texture": "#0"}
			}
		},
		{
			"name": "infill",
			"from": [9.00782, 2.97468, 0.51745],
			"to": [14.00782, 11.97468, 2.51745],
			"faces": {
				"north": {"uv": [9, 4, 14, 13], "texture": "#0"},
				"east": {"uv": [9, 4, 14, 13], "texture": "#0"},
				"south": {"uv": [9, 4, 14, 13], "texture": "#0"},
				"west": {"uv": [9, 4, 14, 13], "texture": "#0"},
				"up": {"uv": [9, 4, 14, 13], "texture": "#0"},
				"down": {"uv": [9, 4, 14, 13], "texture": "#0"}
			}
		},
		{
			"name": "middle",
			"from": [2.00522, 11.98603, 0.00873],
			"to": [14.00522, 13.98603, 3.00873],
			"faces": {
				"north": {"uv": [14, 2, 2, 4], "texture": "#0"},
				"east": {"uv": [2, 2, 14, 4], "texture": "#0"},
				"south": {"uv": [2, 2, 14, 4], "texture": "#0"},
				"west": {"uv": [2, 2, 14, 4], "texture": "#0"},
				"up": {"uv": [2, 2, 14, 4], "texture": "#0"},
				"down": {"uv": [2, 2, 14, 4], "texture": "#0"}
			}
		},
		{
			"name": "middle",
			"from": [7.00872, 13.98602, 0.00524],
			"to": [9.00872, 15.98602, 3.00524],
			"faces": {
				"north": {"uv": [7, 0, 9, 2], "texture": "#0"},
				"east": {"uv": [7, 0, 9, 2], "texture": "#0"},
				"south": {"uv": [7, 0, 9, 2], "texture": "#0"},
				"west": {"uv": [7, 0, 9, 2], "texture": "#0"},
				"up": {"uv": [7, 0, 9, 2], "texture": "#0"},
				"down": {"uv": [7, 0, 9, 2], "texture": "#0"}
			}
		}
	]
}