{
	"credit": "Made with Blockbench",
	"parent": "block/door_bottom_rh",
	"textures": {
		"0": "block/oak_door_bottom",
		"particle": "block/oak_door_bottom"
	},
	"elements": [
		{
			"name": "Side_r",
			"from": [0, 0, 0],
			"to": [3, 16, 2],
			"rotation": {"angle": 0, "axis": "y", "origin": [1.5, 0, 1.5]},
			"faces": {
				"north": {"uv": [0, 0, 3, 16], "texture": "#0"},
				"east": {"uv": [2, 0, 0, 16], "texture": "#0"},
				"south": {"uv": [0, 0, 3, 16], "texture": "#0"},
				"west": {"uv": [0, 0, 2, 16], "texture": "#0"},
				"up": {"uv": [0, 0, 2, 3], "rotation": 90, "texture": "#0"},
				"down": {"uv": [0, 0, 2, 3], "rotation": 270, "texture": "#0"}
			}
		},
		{
			"name": "Side_l",
			"from": [-0.02443, -0.02443, 13.99996],
			"to": [2.97557, 15.97557, 15.99996],
			"rotation": {"angle": 0, "axis": "y", "origin": [1.5, 0, 1.5]},
			"faces": {
				"north": {"uv": [14, 0, 16, 16], "texture": "#0"},
				"east": {"uv": [16, 0, 14, 16], "texture": "#0"},
				"south": {"uv": [13, 0, 16, 16], "texture": "#0"},
				"west": {"uv": [14, 0, 16, 16], "texture": "#0"},
				"up": {"uv": [14, 13, 16, 16], "rotation": 90, "texture": "#0"},
				"down": {"uv": [14, 13, 16, 16], "rotation": 270, "texture": "#0"}
			}
		},
		{
			"name": "bottom",
			"from": [-0.0192, -0.0192, 1.99997],
			"to": [2.9808, 2.9808, 13.99997],
			"rotation": {"angle": 0, "axis": "y", "origin": [1.5, 0, 1.5]},
			"faces": {
				"north": {"uv": [2, 13, 14, 16], "texture": "#0"},
				"east": {"uv": [2, 13, 14, 16], "texture": "#0"},
				"south": {"uv": [2, 13, 14, 16], "texture": "#0"},
				"west": {"uv": [2, 13, 14, 16], "texture": "#0"},
				"up": {"uv": [2, 13, 14, 16], "rotation": 90, "texture": "#0"},
				"down": {"uv": [2, 13, 14, 16], "rotation": 270, "texture": "#0"}
			}
		},
		{
			"name": "middle",
			"from": [-0.01222, 2.98079, 7.00696],
			"to": [2.98778, 11.98079, 9.00696],
			"rotation": {"angle": 0, "axis": "y", "origin": [1.5, 0, 1.5]},
			"faces": {
				"north": {"uv": [7, 4, 9, 13], "texture": "#0"},
				"east": {"uv": [7, 4, 9, 13], "texture": "#0"},
				"south": {"uv": [7, 4, 9, 13], "texture": "#0"},
				"west": {"uv": [7, 4, 9, 13], "texture": "#0"},
				"up": {"uv": [7, 4, 9, 13], "rotation": 90, "texture": "#0"},
				"down": {"uv": [7, 4, 9, 13], "rotation": 270, "texture": "#0"}
			}
		},
		{
			"name": "infill",
			"from": [0.49477, 2.98864, 2.0061],
			"to": [2.49477, 11.98864, 7.0061],
			"rotation": {"angle": 0, "axis": "y", "origin": [1.5, 0, 1.5]},
			"faces": {
				"north": {"uv": [2, 4, 7, 13], "texture": "#0"},
				"east": {"uv": [2, 4, 7, 13], "texture": "#0"},
				"south": {"uv": [2, 4, 7, 13], "texture": "#0"},
				"west": {"uv": [2, 4, 7, 13], "texture": "#0"},
				"up": {"uv": [2, 4, 7, 13], "rotation": 90, "texture": "#0"},
				"down": {"uv": [2, 4, 7, 13], "rotation": 270, "texture": "#0"}
			}
		},
		{
			"name": "infill",
			"from": [0.51396, 13.98686, 2.02708],
			"to": [2.51396, 14.98686, 7.02708],
			"rotation": {"angle": 0, "axis": "y", "origin": [1.5, 0, 1.5]},
			"faces": {
				"north": {"uv": [2, 1, 7, 2], "texture": "#0"},
				"east": {"uv": [2, 1, 7, 2], "texture": "#0"},
				"south": {"uv": [2, 1, 7, 2], "texture": "#0"},
				"west": {"uv": [2, 1, 7, 2], "texture": "#0"},
				"up": {"uv": [2, 1, 7, 2], "rotation": 90, "texture": "#0"},
				"down": {"uv": [2, 1, 7, 2], "rotation": 270, "texture": "#0"}
			}
		},
		{
			"name": "infill",
			"from": [0.50174, 13.97465, 9.02705],
			"to": [2.50174, 14.97465, 14.02705],
			"rotation": {"angle": 0, "axis": "y", "origin": [1.5, 0, 1.5]},
			"faces": {
				"north": {"uv": [9, 1, 14, 2], "texture": "#0"},
				"east": {"uv": [9, 1, 14, 2], "texture": "#0"},
				"south": {"uv": [9, 1, 14, 2], "texture": "#0"},
				"west": {"uv": [9, 1, 14, 2], "texture": "#0"},
				"up": {"uv": [9, 1, 14, 2], "rotation": 90, "texture": "#0"},
				"down": {"uv": [9, 1, 14, 2], "rotation": 270, "texture": "#0"}
			}
		},
		{
			"name": "infill",
			"from": [0.50349, 14.97464, 13.0288],
			"to": [2.50349, 15.97464, 14.0288],
			"rotation": {"angle": 0, "axis": "y", "origin": [1.5, 0, 1.5]},
			"faces": {
				"north": {"uv": [13, 0, 14, 1], "texture": "#0"},
				"east": {"uv": [13, 0, 14, 1], "texture": "#0"},
				"south": {"uv": [13, 0, 14, 1], "texture": "#0"},
				"west": {"uv": [13, 0, 14, 1], "texture": "#0"},
				"up": {"uv": [13, 0, 14, 1], "rotation": 90, "texture": "#0"},
				"down": {"uv": [13, 0, 14, 1], "rotation": 270, "texture": "#0"}
			}
		},
		{
			"name": "infill",
			"from": [2.99825, 11.97028, 14.02792],
			"to": [3.99825, 12.97028, 15.02792],
			"rotation": {"angle": 0, "axis": "y", "origin": [1.5, 0, 1.5]},
			"faces": {
				"north": {"uv": [14, 3, 15, 4], "texture": "#0"},
				"east": {"uv": [14, 3, 15, 4], "texture": "#0"},
				"south": {"uv": [14, 3, 15, 4], "texture": "#0"},
				"west": {"uv": [14, 3, 15, 4], "texture": "#0"},
				"up": {"uv": [14, 3, 15, 4], "rotation": 90, "texture": "#0"},
				"down": {"uv": [14, 3, 15, 4], "rotation": 270, "texture": "#0"}
			}
		},
		{
			"name": "infill",
			"from": [-1.00174, 11.97727, 14.02095],
			"to": [-0.00174, 12.97727, 15.02095],
			"rotation": {"angle": 0, "axis": "y", "origin": [1.5, 0, 1.5]},
			"faces": {
				"north": {"uv": [14, 3, 15, 4], "texture": "#0"},
				"east": {"uv": [14, 3, 15, 4], "texture": "#0"},
				"south": {"uv": [14, 3, 15, 4], "texture": "#0"},
				"west": {"uv": [14, 3, 15, 4], "texture": "#0"},
				"up": {"uv": [14, 3, 15, 4], "rotation": 90, "texture": "#0"},
				"down": {"uv": [14, 3, 15, 4], "rotation": 270, "texture": "#0"}
			}
		},
		{
			"name": "infill",
			"from": [3.49999, 12.47203, 10.52792],
			"to": [4.49999, 13.47203, 14.52792],
			"rotation": {"angle": 0, "axis": "y", "origin": [1.5, 0, 1.5]},
			"faces": {
				"north": {"uv": [11, 2, 15, 3], "texture": "#0"},
				"east": {"uv": [11, 2, 15, 3], "texture": "#0"},
				"south": {"uv": [11, 2, 15, 3], "texture": "#0"},
				"west": {"uv": [11, 2, 15, 3], "texture": "#0"},
				"up": {"uv": [11, 2, 15, 3], "rotation": 90, "texture": "#0"},
				"down": {"uv": [11, 2, 15, 3], "rotation": 270, "texture": "#0"}
			}
		},
		{
			"name": "infill",
			"from": [-1.49999, 12.48077, 10.51921],
			"to": [-0.49999, 13.48077, 14.51921],
			"rotation": {"angle": 0, "axis": "y", "origin": [1.5, 0, 1.5]},
			"faces": {
				"north": {"uv": [11, 2, 15, 3], "texture": "#0"},
				"east": {"uv": [11, 2, 15, 3], "texture": "#0"},
				"south": {"uv": [11, 2, 15, 3], "texture": "#0"},
				"west": {"uv": [11, 2, 15, 3], "texture": "#0"},
				"up": {"uv": [11, 2, 15, 3], "rotation": 90, "texture": "#0"},
				"down": {"uv": [11, 2, 15, 3], "rotation": 270, "texture": "#0"}
			}
		},
		{
			"name": "infill",
			"from": [0.51047, 14.98162, 9.02881],
			"to": [2.51047, 15.98162, 10.02881],
			"rotation": {"angle": 0, "axis": "y", "origin": [1.5, 0, 1.5]},
			"faces": {
				"north": {"uv": [9, 0, 10, 1], "texture": "#0"},
				"east": {"uv": [9, 0, 10, 1], "texture": "#0"},
				"south": {"uv": [9, 0, 10, 1], "texture": "#0"},
				"west": {"uv": [9, 0, 10, 1], "texture": "#0"},
				"up": {"uv": [9, 0, 10, 1], "rotation": 90, "texture": "#0"},
				"down": {"uv": [9, 0, 10, 1], "rotation": 270, "texture": "#0"}
			}
		},
		{
			"name": "infill",
			"from": [0.51571, 14.98686, 6.02882],
			"to": [2.51571, 15.98686, 7.02882],
			"rotation": {"angle": 0, "axis": "y", "origin": [1.5, 0, 1.5]},
			"faces": {
				"north": {"uv": [6, 0, 7, 1], "texture": "#0"},
				"east": {"uv": [6, 0, 7, 1], "texture": "#0"},
				"south": {"uv": [6, 0, 7, 1], "texture": "#0"},
				"west": {"uv": [6, 0, 7, 1], "texture": "#0"},
				"up": {"uv": [6, 0, 7, 1], "rotation": 90, "texture": "#0"},
				"down": {"uv": [6, 0, 7, 1], "rotation": 270, "texture": "#0"}
			}
		},
		{
			"name": "infill",
			"from": [0.52269, 14.99384, 2.02884],
			"to": [2.52269, 15.99384, 3.02884],
			"rotation": {"angle": 0, "axis": "y", "origin": [1.5, 0, 1.5]},
			"faces": {
				"north": {"uv": [2, 0, 3, 1], "texture": "#0"},
				"east": {"uv": [2, 0, 3, 1], "texture": "#0"},
				"south": {"uv": [2, 0, 3, 1], "texture": "#0"},
				"west": {"uv": [2, 0, 3, 1], "texture": "#0"},
				"up": {"uv": [2, 0, 3, 1], "rotation": 90, "texture": "#0"},
				"down": {"uv": [2, 0, 3, 1], "rotation": 270, "texture": "#0"}
			}
		},
		{
			"name": "infill",
			"from": [1.0192, 14.99122, 3.02796],
			"to": [2.0192, 15.99122, 6.02796],
			"rotation": {"angle": 0, "axis": "y", "origin": [1.5, 0, 1.5]},
			"faces": {
				"north": {"uv": [3, 0, 6, 1], "texture": "#0"},
				"east": {"uv": [3, 0, 6, 1], "texture": "#0"},
				"south": {"uv": [3, 0, 6, 1], "texture": "#0"},
				"west": {"uv": [3, 0, 6, 1], "texture": "#0"},
				"up": {"uv": [3, 0, 6, 1], "rotation": 90, "texture": "#0"},
				"down": {"uv": [3, 0, 6, 1], "rotation": 270, "texture": "#0"}
			}
		},
		{
			"name": "infill",
			"from": [1.00698, 14.97901, 10.02794],
			"to": [2.00698, 15.97901, 13.02794],
			"rotation": {"angle": 0, "axis": "y", "origin": [1.5, 0, 1.5]},
			"faces": {
				"north": {"uv": [10, 0, 13, 1], "texture": "#0"},
				"east": {"uv": [10, 0, 13, 1], "texture": "#0"},
				"south": {"uv": [10, 0, 13, 1], "texture": "#0"},
				"west": {"uv": [10, 0, 13, 1], "texture": "#0"},
				"up": {"uv": [10, 0, 13, 1], "rotation": 90, "texture": "#0"},
				"down": {"uv": [10, 0, 13, 1], "rotation": 270, "texture": "#0"}
			}
		},
		{
			"name": "infill",
			"from": [0.48255, 2.97468, 9.00782],
			"to": [2.48255, 11.97468, 14.00782],
			"rotation": {"angle": 0, "axis": "y", "origin": [1.5, 0, 1.5]},
			"faces": {
				"north": {"uv": [9, 4, 14, 13], "texture": "#0"},
				"east": {"uv": [9, 4, 14, 13], "texture": "#0"},
				"south": {"uv": [9, 4, 14, 13], "texture": "#0"},
				"west": {"uv": [9, 4, 14, 13], "texture": "#0"},
				"up": {"uv": [9, 4, 14, 13], "rotation": 90, "texture": "#0"},
				"down": {"uv": [9, 4, 14, 13], "rotation": 270, "texture": "#0"}
			}
		},
		{
			"name": "middle",
			"from": [-0.00873, 11.98603, 2.00522],
			"to": [2.99127, 13.98603, 14.00522],
			"rotation": {"angle": 0, "axis": "y", "origin": [1.5, 0, 1.5]},
			"faces": {
				"north": {"uv": [2, 2, 14, 4], "texture": "#0"},
				"east": {"uv": [14, 2, 2, 4], "texture": "#0"},
				"south": {"uv": [2, 2, 14, 4], "texture": "#0"},
				"west": {"uv": [2, 2, 14, 4], "texture": "#0"},
				"up": {"uv": [2, 2, 14, 4], "rotation": 90, "texture": "#0"},
				"down": {"uv": [2, 2, 14, 4], "rotation": 270, "texture": "#0"}
			}
		},
		{
			"name": "middle",
			"from": [-0.00524, 13.98602, 7.00872],
			"to": [2.99476, 15.98602, 9.00872],
			"rotation": {"angle": 0, "axis": "y", "origin": [1.5, 0, 1.5]},
			"faces": {
				"north": {"uv": [7, 0, 9, 2], "texture": "#0"},
				"east": {"uv": [7, 0, 9, 2], "texture": "#0"},
				"south": {"uv": [7, 0, 9, 2], "texture": "#0"},
				"west": {"uv": [7, 0, 9, 2], "texture": "#0"},
				"up": {"uv": [7, 0, 9, 2], "rotation": 90, "texture": "#0"},
				"down": {"uv": [7, 0, 9, 2], "rotation": 270, "texture": "#0"}
			}
		}
	]
}