{
	"credit": "Made with Blockbench",
	"parent": "block/door_top",
	"textures": {
		"0": "block/oak_door_top",
		"particle": "block/oak_door_top"
	},
	"elements": [
		{
			"name": "pillar_r",
			"from": [14.00174, 0.00175, 0],
			"to": [16.00174, 16.00175, 3],
			"rotation": {"angle": 0, "axis": "y", "origin": [8, 0, 1.5]},
			"faces": {
				"north": {"uv": [16, 0, 14, 16], "texture": "#0"},
				"east": {"uv": [16, 0, 13, 16], "texture": "#0"},
				"south": {"uv": [16, 0, 14, 16], "texture": "#0"},
				"west": {"uv": [16, 0, 14, 16], "texture": "#0"},
				"up": {"uv": [16, 0, 14, 3], "rotation": 180, "texture": "#0"},
				"down": {"uv": [16, 0, 14, 16], "rotation": 180, "texture": "#0"}
			}
		},
		{
			"name": "middle",
			"from": [7.00176, -0.01047, -0.01221],
			"to": [9.00176, 13.98953, 2.98779],
			"rotation": {"angle": 0, "axis": "y", "origin": [8, 0, 1.5]},
			"faces": {
				"north": {"uv": [7, 2, 9, 16], "texture": "#0"},
				"east": {"uv": [7, 2, 9, 16], "texture": "#0"},
				"south": {"uv": [7, 2, 9, 16], "texture": "#0"},
				"west": {"uv": [7, 2, 9, 16], "texture": "#0"},
				"up": {"uv": [7, 2, 9, 16], "rotation": 180, "texture": "#0"},
				"down": {"uv": [7, 2, 9, 16], "rotation": 180, "texture": "#0"}
			}
		},
		{
			"name": "innfill_r",
			"from": [9.00263, -0.0061, 0.49128],
			"to": [10.00263, 13.9939, 2.49128],
			"rotation": {"angle": 0, "axis": "y", "origin": [8, 0, 1.5]},
			"faces": {
				"north": {"uv": [9, 2, 10, 16], "texture": "#0"},
				"east": {"uv": [9, 2, 10, 16], "texture": "#0"},
				"south": {"uv": [9, 2, 10, 16], "texture": "#0"},
				"west": {"uv": [9, 2, 10, 16], "texture": "#0"},
				"up": {"uv": [9, 2, 10, 16], "rotation": 180, "texture": "#0"},
				"down": {"uv": [9, 2, 10, 16], "rotation": 180, "texture": "#0"}
			}
		},
		{
			"name": "innfill_r",
			"from": [13.00262, 0.00088, 0.49826],
			"to": [14.00262, 14.00088, 2.49826],
			"rotation": {"angle": 0, "axis": "y", "origin": [8, 0, 1.5]},
			"faces": {
				"north": {"uv": [13, 2, 14, 16], "texture": "#0"},
				"east": {"uv": [13, 2, 14, 16], "texture": "#0"},
				"south": {"uv": [13, 2, 14, 16], "texture": "#0"},
				"west": {"uv": [13, 2, 14, 16], "texture": "#0"},
				"up": {"uv": [13, 2, 14, 16], "rotation": 180, "texture": "#0"},
				"down": {"uv": [13, 2, 14, 16], "rotation": 180, "texture": "#0"}
			}
		},
		{
			"name": "innfill_l",
			"from": [6.00264, -0.01134, 0.48604],
			"to": [7.00264, 13.98866, 2.48604],
			"rotation": {"angle": 0, "axis": "y", "origin": [8, 0, 1.5]},
			"faces": {
				"north": {"uv": [6, 2, 7, 16], "texture": "#0"},
				"east": {"uv": [6, 2, 7, 16], "texture": "#0"},
				"south": {"uv": [6, 2, 7, 16], "texture": "#0"},
				"west": {"uv": [6, 2, 7, 16], "texture": "#0"},
				"up": {"uv": [6, 2, 7, 16], "rotation": 180, "texture": "#0"},
				"down": {"uv": [6, 2, 7, 16], "rotation": 180, "texture": "#0"}
			}
		},
		{
			"name": "innfill_l",
			"from": [2.00265, -0.01832, 0.47906],
			"to": [3.00265, 13.98168, 2.47906],
			"rotation": {"angle": 0, "axis": "y", "origin": [8, 0, 1.5]},
			"faces": {
				"north": {"uv": [2, 2, 3, 16], "texture": "#0"},
				"east": {"uv": [2, 2, 3, 16], "texture": "#0"},
				"south": {"uv": [2, 2, 3, 16], "texture": "#0"},
				"west": {"uv": [2, 2, 3, 16], "texture": "#0"},
				"up": {"uv": [2, 2, 3, 16], "rotation": 180, "texture": "#0"},
				"down": {"uv": [2, 2, 3, 16], "rotation": 180, "texture": "#0"}
			}
		},
		{
			"name": "innfill_l_top",
			"from": [3.00265, 12.98342, 0.48081],
			"to": [6.00265, 13.98342, 2.48081],
			"rotation": {"angle": 0, "axis": "y", "origin": [8, 0, 1.5]},
			"faces": {
				"north": {"uv": [3, 2, 6, 3], "texture": "#0"},
				"east": {"uv": [3, 2, 6, 3], "texture": "#0"},
				"south": {"uv": [3, 2, 6, 3], "texture": "#0"},
				"west": {"uv": [3, 2, 6, 3], "texture": "#0"},
				"up": {"uv": [3, 2, 6, 3], "rotation": 180, "texture": "#0"},
				"down": {"uv": [3, 2, 6, 3], "rotation": 180, "texture": "#0"}
			}
		},
		{
			"name": "innfill_r_top",
			"from": [10.00263, 12.99564, 0.49302],
			"to": [13.00263, 13.99564, 2.49302],
			"rotation": {"angle": 0, "axis": "y", "origin": [8, 0, 1.5]},
			"faces": {
				"north": {"uv": [10, 2, 13, 3], "texture": "#0"},
				"east": {"uv": [10, 2, 13, 3], "texture": "#0"},
				"south": {"uv": [10, 2, 13, 3], "texture": "#0"},
				"west": {"uv": [10, 2, 13, 3], "texture": "#0"},
				"up": {"uv": [10, 2, 13, 3], "rotation": 180, "texture": "#0"},
				"down": {"uv": [10, 2, 13, 3], "rotation": 180, "texture": "#0"}
			}
		},
		{
			"name": "mesh_r",
			"from": [10.0035, -0.00523, 0.99128],
			"to": [13.0035, 12.99477, 1.99128],
			"rotation": {"angle": 0, "axis": "y", "origin": [8, 0, 1.5]},
			"faces": {
				"north": {"uv": [10, 3, 13, 16], "texture": "#0"},
				"east": {"uv": [10, 3, 13, 16], "texture": "#0"},
				"south": {"uv": [10, 3, 13, 16], "texture": "#0"},
				"west": {"uv": [10, 3, 13, 16], "texture": "#0"},
				"up": {"uv": [10, 3, 13, 16], "rotation": 180, "texture": "#0"},
				"down": {"uv": [10, 3, 13, 16], "rotation": 180, "texture": "#0"}
			}
		},
		{
			"name": "mesh_l",
			"from": [3.00352, -0.01745, 0.97906],
			"to": [6.00352, 12.98255, 1.97906],
			"rotation": {"angle": 0, "axis": "y", "origin": [8, 0, 1.5]},
			"faces": {
				"north": {"uv": [3, 3, 6, 16], "texture": "#0"},
				"east": {"uv": [3, 3, 6, 16], "texture": "#0"},
				"south": {"uv": [3, 3, 6, 16], "texture": "#0"},
				"west": {"uv": [3, 3, 6, 16], "texture": "#0"},
				"up": {"uv": [3, 3, 6, 16], "rotation": 180, "texture": "#0"},
				"down": {"uv": [3, 3, 6, 16], "rotation": 180, "texture": "#0"}
			}
		},
		{
			"name": "pillar_l",
			"from": [0.00178, -0.02269, -0.02443],
			"to": [2.00178, 15.97731, 2.97557],
			"rotation": {"angle": 0, "axis": "y", "origin": [8, 0, 1.5]},
			"faces": {
				"north": {"uv": [2, 0, 0, 16], "texture": "#0"},
				"east": {"uv": [0, 0, 3, 16], "texture": "#0"},
				"south": {"uv": [0, 0, 2, 16], "texture": "#0"},
				"west": {"uv": [0, 0, 3, 16], "texture": "#0"},
				"up": {"uv": [0, 0, 2, 3], "texture": "#0"},
				"down": {"uv": [0, 0, 2, 3], "rotation": 180, "texture": "#0"}
			}
		},
		{
			"name": "top",
			"from": [2.00176, 13.98953, -0.01221],
			"to": [14.00176, 15.98953, 2.98779],
			"rotation": {"angle": 0, "axis": "y", "origin": [8, 0, 1.5]},
			"faces": {
				"north": {"uv": [2, 0, 14, 2], "texture": "#0"},
				"east": {"uv": [2, 0, 14, 2], "texture": "#0"},
				"south": {"uv": [2, 0, 14, 2], "texture": "#0"},
				"west": {"uv": [2, 0, 14, 2], "texture": "#0"},
				"up": {"uv": [2, 0, 14, 3], "rotation": 180, "texture": "#0"},
				"down": {"uv": [2, 0, 14, 2], "rotation": 180, "texture": "#0"}
			}
		}
	]
}